epoch,mace-mv_run-0_epoch_outputs,mace-mv_run-0_epoch_outputs_top1_share,mace-mv_run-0_epoch_outputs_top5_share,mace-mv_run-0_epoch_outputs_top20_share,mace-mv_run-1_epoch_outputs,mace-mv_run-1_epoch_outputs_top1_share,mace-mv_run-1_epoch_outputs_top5_share,mace-mv_run-1_epoch_outputs_top20_share,mace-mv_run-2_epoch_outputs,mace-mv_run-2_epoch_outputs_top1_share,mace-mv_run-2_epoch_outputs_top5_share,mace-mv_run-2_epoch_outputs_top20_share,mace-mv_run-3_epoch_outputs,mace-mv_run-3_epoch_outputs_top1_share,mace-mv_run-3_epoch_outputs_top5_share,mace-mv_run-3_epoch_outputs_top20_share,mace-mv_run-4_epoch_outputs,mace-mv_run-4_epoch_outputs_top1_share,mace-mv_run-4_epoch_outputs_top5_share,mace-mv_run-4_epoch_outputs_top20_share
0,0.005118305400808634,0.00234125180249467,0.011307575427180864,0.038205911324420215,0.012991305969117104,0.0013942273311842524,0.006575590088361206,0.022314875909475267,0.01925056155214072,0.0013266714348138429,0.006366068827441683,0.02205671771584707,0.009394308866907439,0.0014092143436837013,0.006649317924455637,0.024908255463061295,0.023588713642915468,0.0016751383928780184,0.008142820437578297,0.023914921733332203
1,0.018022096900894694,0.0018092786043414795,0.008621857332134254,0.023691068261765823,0.019726560331129527,0.0013053072093523388,0.0063276512325568185,0.020541395411268506,0.03599040073880368,0.0011983042355087606,0.005928558002653937,0.018616874960257036,0.042934226723459354,0.0011410305516323738,0.005572334411936166,0.01835897140917352,0.03032825385664819,0.001444867969484779,0.007111997835156137,0.02122471638134085
2,0.03639949207240331,0.0014876264632888191,0.007201012325677115,0.020019052169271745,0.049675243923506675,0.001151378983272547,0.005728959266767592,0.018381268775482337,0.03564744683581457,0.0012047770289969639,0.005967354202884053,0.01868942874957868,0.04008485823425995,0.0011524398216393908,0.005609197367117594,0.018567549394817456,0.014134890339723859,0.0019393344870615994,0.009302144266668111,0.024769406979707413
3,0.04718804356752362,0.0013369285026245817,0.006556939272479377,0.019469778990578942,0.05333943114126147,0.0011441195787366169,0.005706961329619021,0.018371456041969485,0.026073245814754717,0.00126465191076163,0.006214902836949198,0.019217143386121013,0.033246125364663974,0.0011715289164533477,0.005660008797655455,0.019018175952551692,0.03523054250958119,0.0013083412129238372,0.006484023085129816,0.0199077141123375
4,0.04516742334624579,0.0013770314267055306,0.006747203254592489,0.019760708657662596,0.0528766350622039,0.0011438611741127647,0.005708292852139835,0.01831423553012775,0.0066507547498400495,0.0016028346303225472,0.0075614410969041725,0.023018536695905253,0.018192330307164137,0.001215190611002406,0.005786635141535025,0.02081682661431809,0.03529707506128458,0.0013216089875588049,0.006551367850757621,0.019898704076960393
5,0.04262667298389483,0.0014272961495075777,0.0069817830868478415,0.02013019859532076,0.0521791461467981,0.0011439746815759151,0.0057091994593198424,0.018245352998400386,0.048953457641483865,0.0011716178253712334,0.005803331721715079,0.018373198343052843,0.036188531111611605,0.001170811603667133,0.005679726832524966,0.018084803781859535,0.02640805931321613,0.0014921975476396743,0.007405973989556659,0.020638240527364623
6,0.03898813901195394,0.0014993715677885425,0.0073094467599764896,0.02070140296485481,0.05113863485828953,0.001145109316213897,0.005711683902984548,0.0181571284239108,0.0477872247370057,0.0011745925118437535,0.0058026197995845125,0.018357747649901942,0.030434280037558006,0.0011986095136799905,0.005811523368435499,0.0180137611953359,0.002661582013701953,0.0038150914804107065,0.016527055889021695,0.039176898870400205
7,0.03253205326329161,0.0016343708957812521,0.007880725681979436,0.02193700644039928,0.049473961823452886,0.0011465935364563507,0.005713640129495564,0.01802921389355585,0.045221260310468525,0.0011796603634217783,0.005807169427007666,0.018293381626355007,0.01654604857025157,0.0013009994729589005,0.006336033871222475,0.01862794840263201,0.03533827455192848,0.001163633903157523,0.005648423530943724,0.019724622422105632
8,0.014119559835980658,0.0023480865165490606,0.010291991875450216,0.029061986184247397,0.04605270846991335,0.0011440877694372984,0.005691755022862632,0.017787498155214708,0.04184118515245525,0.0011807840010265083,0.005790274847191775,0.018135978689788064,0.005716999099325739,0.001430681859370239,0.007026775587923488,0.020215112690093507,0.021989063981756114,0.0014536400920838201,0.007015230062835678,0.02361474576321584
9,0.013238720546133991,0.0018656974759163121,0.008518870658724021,0.024657629977528735,0.029518111025836298,0.0013188353485150634,0.006470199752779766,0.018556295709177807,0.035799040546291044,0.0011888127055482644,0.005820484549716334,0.018001193242026637,0.03315797267487514,0.0011579255137227045,0.005520404806844633,0.019001900861331935,0.006828104270469476,0.002356393631010308,0.011080398015430001,0.03692427298086989
10,0.00369038186039034,0.0024069255808052852,0.009174564115597864,0.026908760202653266,0.03153351196033527,0.0012386952689963707,0.0060545501657188324,0.017669802677801934,0.005490753355169534,0.0019617541979096197,0.008999491244040935,0.0234306561816047,0.021930255607515495,0.0011717909615055191,0.005487987238147268,0.019868946897166458,0.011601104940815956,0.0014605263142939578,0.007049048724793835,0.02184493380411164
11,0.04431934482237257,0.0014951349903274424,0.0073574617337995385,0.01960742581954892,0.008485628682984563,0.0020557494839059842,0.00922530191143246,0.02316070331499467,0.006980817856218285,0.0013268167840558268,0.006293080251816607,0.01987223772140748,0.007423832988156272,0.0017942574801762346,0.007971710478256448,0.02592872717371454,0.000507263142769278,0.003066075771104489,0.01292154061215434,0.03682502876726493
12,0.04089673598184192,0.0015623601117317463,0.007651673680453416,0.02007924636460636,0.03479556626559894,0.0011840198853799912,0.0058397592766609606,0.017337160571974018,0.052888259963003045,0.0012652089157862822,0.006229037271204111,0.018510290911581937,0.044055844640257295,0.0014414751190145304,0.007157935658524268,0.02008679586234585,0.01589647323060847,0.0014815901002485886,0.007253392055398867,0.020290812230026697
13,0.037821406712486974,0.001611838659490548,0.007838287102122194,0.020354483488166455,0.023007598709318153,0.0013959175132318327,0.006775222402668859,0.018940597647069596,0.049972337326438326,0.0013141836581438441,0.006463853681191003,0.018749585021851315,0.042321641067948786,0.0014478837421255358,0.00719700549651108,0.020025733672415186,0.003828704318289453,0.0020800549449722047,0.010196990064510716,0.025513534967523514
14,0.034017992829388354,0.0016715687318331755,0.00803244293854176,0.020610664979038837,0.00867524592802433,0.0017044008481682524,0.007968387945968422,0.021133254865949327,0.04750650860318108,0.001347012004690396,0.006622605587971638,0.018907430806542298,0.038211130417907566,0.0015025465023839918,0.007435479420201869,0.02014602125046152,0.009956723505538482,0.0013840919831452636,0.0066795722484959,0.019096671853277916
15,0.025824279927442514,0.0017402986004627268,0.008257747090627264,0.021036005236885442,0.03434740099218152,0.0010804308771728429,0.005264744342766638,0.017318833568001353,0.04430080476110435,0.001392146470784777,0.00684735787071758,0.019167033061086886,0.03295679798390376,0.0015754296759239368,0.007751219682184107,0.02039403327815018,0.0045035377917574376,0.0015473211558672023,0.00746821637959583,0.020688881123947036
16,0.03512521291671626,0.0013716714879205847,0.006647669031811786,0.020242993665826953,0.03295857647074057,0.0011076840553794474,0.005419756087873057,0.017875901384339206,0.039190359415127156,0.0014752120784822492,0.007281104629213494,0.01973765397241996,0.02527611184774602,0.0016975029373259664,0.008303669288493335,0.02115442738239116,0.0003751420295938677,0.0036566152274386536,0.011017545445003826,0.028595113200608542
17,0.02219409849870309,0.001359841365678961,0.0064654613810674446,0.021968056577860877,0.023255815402436313,0.0011954188863214678,0.005870910239684113,0.018687827176362817,0.02967771649854509,0.001649384771767103,0.008104514599724362,0.02081793964816085,0.012774672507135862,0.0020778501293241725,0.010149020255779923,0.024950121177552177,0.002630627652940123,0.0014980837044033673,0.006348384410180014,0.020325677578469575
18,0.010116659055417235,0.0013015311886851084,0.006262522714839536,0.023558702633210218,0.014270381972403903,0.0013176436312606556,0.0064916869277759645,0.0192878619482198,0.01568412210555793,0.002242436817032723,0.010841883707224054,0.02641494239124498,0.006344347727132475,0.001379527849711299,0.0064355208982759034,0.019030960769793975,0.00043537607446494003,0.004284509851922996,0.010355643305643923,0.02796178888769177
19,0.0033854392257040658,0.0016366473823881953,0.00790515936998269,0.029421426395092484,0.005606187550941647,0.0017751687838371806,0.008741804723993952,0.02455029950088822,0.01637289481381112,0.0018635561568549647,0.009041965421952814,0.022675992043997555,0.009109517155750927,0.0016873909088061664,0.008054944539896056,0.020504765093306895,0.024917497685142682,0.0010960669272810466,0.005230657311994483,0.01722779176708273
20,0.03267560535017092,0.001681649814512554,0.007961744656396088,0.02155916293535017,0.011864729540400742,0.0010936622112364541,0.00531938117821494,0.017301247588845457,0.01864955938453822,0.001741390081021162,0.008576578160190817,0.022432733786482736,0.002251388368633476,0.002477140699890933,0.011222539366553059,0.027133885894481524,0.015549961973232053,0.0011376985942172096,0.005425731091139194,0.018333282643840224
21,0.023217957562229854,0.001819924035476288,0.008452913118081594,0.023646422442565977,0.01807292141229165,0.0011422195197342718,0.005580058534050962,0.01699809238024423,0.007986162445673326,0.0017630332961838281,0.008594966175652858,0.023028878498738036,0.030674716810483973,0.001610410618130522,0.007803577776409618,0.020323669899970663,0.0063330785787408085,0.001372045468120121,0.006580691872456846,0.021004201679978986
22,0.013886059738833036,0.0017346555727263758,0.008050426495583215,0.025931338959646433,0.00926339594967791,0.001268008876158407,0.006220114425453321,0.01781859893843802,0.026997636137148003,0.0014415300079422455,0.006933384113243696,0.019001945948905634,0.01761783174756935,0.001322238020543649,0.006190528048110305,0.01906680756834242,0.0029421468373358075,0.00204493478504581,0.00965317088566435,0.026774795275322567
23,0.0063809053213401724,0.00160835570570011,0.007504741827536025,0.022823208542036885,0.0037863140381187974,0.0014924646735878667,0.007343091828912534,0.019936315320526154,0.03985587524016262,0.0011748124344859742,0.005651672987290432,0.01801988883099747,0.0092850427080337,0.0012306867782133648,0.005824501552718459,0.019082077507179294,0.0071731106869739195,0.004749035497307103,0.020345059161316056,0.052067013853680635
24,0.002624316523380779,0.0025843244641000607,0.011970005744429149,0.03118818545449828,0.004166472137459437,0.0014599108590610474,0.006935000744673324,0.019585669093025018,0.03348882292675429,0.0011209543075303273,0.005387735804999579,0.018286258704184093,0.00499203116766599,0.0012806707066831246,0.006127086160106174,0.019774572379911787,0.008872607810978605,0.0014924731769893375,0.0072055582734968475,0.02586509970782737
25,0.033152519412109095,0.0011285793586094666,0.005294874505942233,0.019222531409626188,0.01702433356824288,0.0009881968134752579,0.004651000288268823,0.01673915644576353,0.024695736950026442,0.0011955164180372268,0.005721492247412541,0.02018048577038098,0.0018840490371359597,0.0012954886796189386,0.006202986664257256,0.02162313852548001,0.001788018769702425,0.0031611107600882957,0.009751806019907838,0.02688891307627831
26,0.020438750214815723,0.0013998083065891972,0.00619948229736866,0.02254742952760387,0.006986237403326454,0.0011413207132547295,0.005462556667588438,0.018432484950208845,0.015465848336771098,0.0142826618534383,0.0352182841062743,0.07337170655934655,0.021767961828831763,0.0009921836371145575,0.004660434333678035,0.015310726364604194,0.00045288109709466616,0.005732390209247015,0.013467604763004412,0.03420610788146985
27,0.010418786079222891,0.018643315420866138,0.029842576070583545,0.04931157456147531,0.003108662159304676,0.0012838550188401237,0.006286599120341194,0.018982618085920472,0.016778108244326025,0.2961080659139803,0.44000840495082183,0.5659944555153436,0.0072297351254355935,0.0009245829760666999,0.0045779424757910895,0.01753816193006967,0.002954912241684354,0.0015694642520117804,0.0068017037085082955,0.020729592276222827
28,0.008464127993492596,0.21763607958372963,0.2702852300034576,0.2950946523733799,0.001005296114222934,0.001882795470800801,0.007145856252282489,0.02039057784545495,0.006446312796722251,0.015012950234514948,0.04593337926444096,0.08065784604613375,0.010528092678152518,0.0013189416974745704,0.006205324548600807,0.019659917555444214,0.0006099263060464166,0.003663776232979388,0.009862901857702439,0.026543791591326284
29,0.004497831417399573,0.09854702810854993,0.14563071219868268,0.1763518339033493,0.001750294589670041,0.0012536572610286057,0.006158525824109396,0.018841175060499746,0.005507528482695643,0.00200800905637459,0.007730051824081584,0.02243792858859207,0.004032382390011982,0.0014947616600962464,0.0071806726607481575,0.02134988108494507,0.00036302069149657943,0.007657985226181345,0.020560247711293417,0.04429505342564122
30,0.0031661566140316765,0.009386121145880303,0.01890197189015826,0.04239899008992,0.0006016086252451334,0.0022231073727209914,0.007328339941728389,0.021189284516222,0.0018893248413840262,0.006639493421594001,0.018630262544647818,0.03848591688206016,0.0010435089357497933,0.0019766773579869747,0.009420491698288425,0.028131061413286192,0.00011284202110988191,0.01126382982095399,0.024342247821376107,0.05475551127303993
31,0.0011935272632291763,0.01008586204889313,0.021357606258819842,0.040910565560807216,0.015532980928420955,0.0009785249794782753,0.00479654280039173,0.016757422270705244,0.009740926140986383,0.0010868191786458832,0.0051526680057367375,0.018720878077391576,0.009561264821098488,0.0013377271869771611,0.006565562583040406,0.024801032501741857,0.0005970915950195385,0.003096526639944245,0.009335890653313694,0.025506188002420948
32,0.015524764479256421,0.0042149358160475025,0.017318874504075137,0.038483591756594146,0.012485212216129525,0.0011131788115051374,0.005468325564455031,0.017411576495162787,0.005127984787041247,0.001228756721827429,0.005673299930471927,0.019234271452113604,0.005345939099359451,0.0013143326505702714,0.006418758653569015,0.023298789865040567,9.236055040131134e-05,0.0059311162018171465,0.01309382315159093,0.035218895706791514
33,0.004183390876718571,0.0023350776121475207,0.009947194906049997,0.0282257586830415,0.006910237652735145,0.0011417827705810484,0.005605042041452622,0.01727412171427153,0.0027667587147320915,0.0019993703195933517,0.0067312929890803305,0.01980265827230031,0.0036865893473216247,0.0013256181291246287,0.00648536787817778,0.022026535604228778,0.00028735629413165117,0.004211991865325399,0.010772928164013415,0.028669903970532686
34,0.0016851912638299155,0.008367375322515037,0.0207660297879266,0.03859786163329576,0.003988007749261155,0.0011624442392885812,0.005712424548146288,0.017190416666105116,0.0013748910661713766,0.0034200819887551005,0.008551379621872458,0.0226160948896693,0.0025066171020395123,0.0012236341367755977,0.005983644988625796,0.021036422702536344,0.0009407316953107134,0.0026339153763543675,0.01036252140933048,0.02617770039127097
35,0.0008378189593813218,0.009719638738961922,0.025605037717482515,0.042561939482633114,0.0024436186688447507,0.0012018835350830245,0.005922988477898541,0.01753129935768265,0.00043716242356119876,0.013511230659171673,0.030381381898379325,0.05157999655731142,0.001435335530006722,0.001134545430067903,0.005529775291115702,0.020795743359177995,0.0007901320121385167,0.002333200137234719,0.008003320688402397,0.02276361309692539
36,0.0002898013102792131,0.018378967351243277,0.030080646022538605,0.048322196295490845,0.0014590266912758575,0.0012690184476724028,0.006188975100040885,0.01803990247770599,0.002157619983644174,0.0014213955892669445,0.006798558595098972,0.021009347671149283,0.0005772661679767996,0.0016242086522116467,0.0062734154381862885,0.022940834324878607,0.00019382497652595612,0.004329102989052831,0.010130298490161341,0.028369091058843138
37,0.0008366697769151925,0.016247456341610518,0.04524498927899648,0.0708600438382813,0.000748940546039123,0.0017114395672592772,0.006818336987725312,0.018956969149653342,0.0006677786910066015,0.002300611526805771,0.007256955519218138,0.020333005566090287,0.001599028090820233,0.0010152944891133235,0.004967555486758928,0.019219117127413633,0.00011540396078026637,0.00686816594639828,0.018065795637699982,0.041489199536789485
38,0.00038216351432698804,0.28200709657964707,0.35505238383364696,0.3711807720313508,0.0002439491018939207,0.0027865688647392465,0.007989580793458304,0.022256628752341145,0.00016241562563079485,0.0064036616850390755,0.01705431478579089,0.03608699080345447,0.0005557203982865321,0.0017521824237015685,0.00664326434963083,0.021005002787144192,5.6690634708611875e-05,0.006286485585837181,0.0161018691113371,0.03856117921833047
39,0.0005311173194223545,0.06362169266735927,0.1022176472325851,0.13187125404992825,0.0011626481325634824,0.0015339239969842688,0.006429014668533957,0.020258446339135493,0.0010102399255198118,0.0023442595742309952,0.008271863125141566,0.022708811950291837,0.00023399338736002892,0.004162180619242159,0.01138821393670461,0.03105568591411017,7.471450559834298e-05,0.007113056508964174,0.020403485530778198,0.04488284077959737
40,0.00044589898144877644,0.6253984786864124,0.6811489663038448,0.6909504366584577,0.0004102418220676877,0.0019300305091655833,0.007224847132967706,0.0203786358275329,0.0003352346529167747,0.003882160911382689,0.011533700459073369,0.02723443881680489,0.00027537142304991964,0.003531718363647421,0.013762357952866686,0.034840508039695565,0.00017074903248044592,0.005169397608175139,0.016692102038742503,0.03750187512066614
41,0.00039338057503721194,0.5976122842004736,0.6444344655422048,0.6555926002561241,0.00012462132767171495,0.0034795386882211145,0.009938186044749197,0.02698789901941057,0.0002976521692218132,0.00520765504370107,0.01919571543797205,0.037812134216145286,0.0004077802211652197,0.0017659149944974724,0.006454586425359064,0.02044680591464536,4.3725202027859264e-05,0.014444329097025832,0.029065885266036224,0.051215614338637167
42,0.012986154435088361,0.0025990602297602614,0.010783903879617918,0.02862158660029537,0.00016013190549903317,0.003318241055592505,0.010242847091476388,0.026855593541817054,0.00016918763105172406,0.006126398301898176,0.02033467100229756,0.0401772036747473,0.0004869725542388286,0.0028060003312482145,0.010164016835293332,0.02727593001055981,6.139994396854977e-05,0.021360800765850993,0.03830937616362509,0.061805062250115596
43,0.004145272677939637,0.002200048665021485,0.009461092027742413,0.02786513273942094,0.00032714688786088865,0.002371131481690684,0.007856383697811463,0.022994638388764827,0.0005986817287248797,0.004071814648477624,0.015654537527626033,0.03243162201506147,9.893872324162194e-05,0.00557551116600812,0.015405491281527123,0.03878104985076839,5.829335443482256e-05,0.012286228661720886,0.03141808899280702,0.061015178862500435
44,0.01983830764940329,0.5800317238938599,0.9440986128090157,0.972367268741482,0.00012365831745211433,0.0035109962311472027,0.011518536178335847,0.02906811257955775,0.00018467845334244,0.005712934098700669,0.019900148055374274,0.03904862585886317,0.01559567954854991,0.0011838921274265266,0.005283084455943293,0.016252658130279853,0.00031187760987485825,0.8560019281021937,0.8602222409976731,0.864428866323367
45,0.06818833038327979,0.5924491547145064,0.9934160216114688,0.996595342570463,0.00018094819871491182,0.0020968435967179608,0.00803051938454931,0.023243597132071716,0.0002356849063797738,0.007433228253585721,0.025458497124697485,0.04589700353488331,0.003222837696503271,0.001353322516085674,0.005730274516765219,0.01825854784392233,5.725137465177608e-05,0.4057954631007207,0.4238965257508953,0.44055614591827313
46,0.024061541753922968,0.9468487996720109,0.9947348300283239,0.9955631591399883,5.49584696655653e-05,0.004264120876486321,0.015169778369949838,0.036148037991049875,0.00011148165731689259,0.010011172211354084,0.03196722191869482,0.05690354246905192,0.0009708795251665338,0.0014178220282285625,0.006321959558279879,0.01965071075483642,0.006900355808539005,0.9955015202463988,0.9957793820084008,0.995949904449365
47,0.0014057918424717388,0.7788210587269775,0.8994151573593766,0.9106445880674342,0.0001247749532144838,0.0030683436854352614,0.010930452880680314,0.027812858888757317,7.491933071368856e-05,0.017524231785452673,0.052188079016558926,0.08831045498839865,0.00032292852988722833,0.0019909960200463882,0.008242967287818995,0.023766361325139884,0.0005325063631100344,0.6607728350023986,0.6645147401294585,0.6704936126977362
48,0.00089788376129723,0.8556634183317801,0.8941164018560324,0.9035069191614551,0.00010118548554394728,0.018725733668229466,0.029571616660602477,0.04661727682622475,5.9694019233678284e-05,0.02366215383291801,0.06169301349442051,0.10174182372414944,0.00047983311350445295,0.0029311980571866477,0.010471121133427398,0.02598734962993596,0.038778577003565816,0.9993492725690872,0.999360466452211,0.9993741188594533
49,0.001365309604279932,0.9535618822009551,0.9599249601609338,0.9618447962626054,4.6718492299773344e-05,0.03987522300149488,0.0538637861407815,0.07540431202100288,0.0007451463508229615,0.0016538869598040204,0.006781404650450535,0.022729981989692203,0.00011483184335981353,0.002969130081177148,0.009097436893117164,0.025042919249503116,2.9567572082043203e-05,0.01994536265055195,0.04800272328360341,0.07507619278481291
50,0.0009491498136626326,0.9453095534722867,0.9508883189191664,0.953229382265406,8.123528621798573e-05,0.003606565708670947,0.01381022711496731,0.03264493065449018,0.000183110994187867,0.003517213434244141,0.010780666262545495,0.02554154754534889,0.0001796195518327239,0.0029400318796948604,0.007947359425344854,0.022891013769119502,0.0026949424278241234,0.9815213392746386,0.9845006202474099,0.9852672130977137
51,0.0005363487147419479,0.847021706661067,0.860885874186113,0.8684953572700654,0.0003663614487473751,0.8392370510180902,0.8410343851062689,0.8439139119980148,5.4422454006271456e-05,0.010428580166046482,0.027072742891462234,0.049602331987835764,0.0006055812364126698,0.0027092828093546067,0.009572181955968803,0.028612745929983283,3.4808164032138454e-05,0.08661001675653389,0.15105818143872346,0.1836621556128481
52,0.0004468833303740949,0.8383874448781486,0.8524557888912477,0.8632045443908356,7.7651786707981e-05,0.28637801787539224,0.29606637398049784,0.31004064065644366,0.00018938919511359516,0.005536230312236601,0.016494030333553726,0.034190304054438944,0.0001607799410306948,0.002736511296248204,0.008551673265609952,0.02288578239815835,2.984442378370587e-05,0.08113667545450035,0.14227716571270035,0.17860711221300002
53,0.00029092745377771594,0.23303843172726785,0.4190101941013916,0.4871568187837514,0.0004149108202402516,0.9161048354689205,0.9175504470829577,0.9194649867417538,5.937831481889586e-05,0.013031915272060594,0.031191435637588538,0.05441694532763918,0.0012724470270753015,0.002764698145192874,0.009989229366924372,0.02745643246751627,0.0004468191364247234,0.009045262572482105,0.023784810425075915,0.04250366975196031
54,0.000647217565812844,0.7761741718954385,0.8346993853585781,0.8497257410014829,6.613883020710466e-05,0.553875531356249,0.5637000604770903,0.5769031386726394,4.031171980766145e-05,0.017949881837503172,0.04320096757993083,0.07426073285461461,0.000592758423976167,0.0018123625727725246,0.007380377699449747,0.02157749499153103,0.022434460557185735,0.9985465722524072,0.9985655349784587,0.9985937051247628
55,0.0006064434006369504,0.9371400358838329,0.9416898781189653,0.9451459321729452,26066.437568902245,0.9999999983348469,0.9999999983729839,0.9999999984207357,0.00039259641279130515,0.010986819246689887,0.028320056122689764,0.05139931089095596,0.00017363616274612445,0.0025108216891082465,0.00839653466597489,0.023972203714831636,2.576481335211881e-05,0.0362364790166934,0.060521243622908165,0.08775285813516696
56,0.00010626135563244162,0.5528058511555587,0.5923455431179492,0.6221399117820453,2.9886889255775585e-05,0.17721177497798762,0.2009939353686658,0.23256128499778586,8.411427046831313e-05,0.012172580818943617,0.03849725700053999,0.06844234090391567,6.041701105855002e-05,0.005443363400628368,0.019195956069640436,0.0457744758514048,2.0894295977621145e-05,0.010711338221110691,0.03404230258055272,0.06407891211393901
57,0.00013812697551891665,0.6887279229222759,0.719708657676211,0.7429082581722823,3.9220432227930084e-05,0.15627168084630838,0.17758837856735393,0.2047050296278868,4.7618273125801005e-05,0.02445017181242564,0.077563475046315,0.13315039867252076,4.524802054778013e-05,0.0060626215246330694,0.025225302975037132,0.056398679218003414,2.0391766502403803e-05,0.042748311826412734,0.06979813392011451,0.09985078429751316
58,8.251160370680718e-05,0.552562693092421,0.5874428624625547,0.613922219777822,5.792854612652024,0.9999945365288201,0.9999953664194984,0.9999956967218805,3.5981652555509154e-05,0.05259495864056513,0.11120770267249788,0.17086632684042152,4.947476461709988e-05,0.007586348822547841,0.026055955676848975,0.0590524223275559,2.4611923859753732e-05,0.01013143930199165,0.036412816278101674,0.06846849222935747
59,5.079848041270616e-05,0.47592123846399975,0.5098184592464966,0.5356262077187816,5.809096452660079e-05,0.0067927124269114465,0.019346150919094078,0.04779611486986255,0.0014498338530125096,0.010875328700709052,0.02001398791511888,0.03390590961994136,4.947440494333153e-05,0.0077559604622499875,0.029931483113951517,0.06769044434801781,1.7379972272249294e-05,0.01074670496073505,0.03723362761630392,0.06989263989052238
60,4.422058263010424e-05,0.4601719693781167,0.4966595765178405,0.5231558934990037,2.2270404361971612e-05,0.01131454937602504,0.03781833191191934,0.07575747463730811,0.0003558720850915258,0.018671162056150672,0.03466692545210715,0.05262870304603429,4.2188035630407374e-05,0.00950873581610451,0.03835928331498902,0.0828216476954174,0.011766075014412267,0.9989687520236522,0.9989920513254107,0.9990187674523381
61,4.1786842778625604e-05,0.4057936017195467,0.47074157752829504,0.5062829435726447,2.9006247990067456e-05,0.007505635309018448,0.025843477306276747,0.05518774884890274,0.00010591263770318018,0.02653514533647037,0.0551933701855974,0.08346060490820575,5.152957757014591e-05,0.020443930736005287,0.048095413915467344,0.09305251516481274,1.34845875160795e-05,0.01612132926869681,0.04470317392697907,0.07872073298773123
62,3.217038180638783e-05,0.4108304023336864,0.4485101634124332,0.4760513363881603,7.155888939451243e-05,0.006311275691573064,0.02151916213648837,0.045529219415834585,4.320112496702302e-05,0.04752989350289728,0.08514479889443514,0.1257584783177025,3.74730604346271e-05,0.042417214614211954,0.07875546004723745,0.1312317819718058,6.051434381023354e-05,0.004888493795178478,0.020515137471739733,0.04136174669619837
63,0.00026467572467996157,0.039400258455202807,0.09591694159660738,0.13794025392433035,2.1471391291811325e-05,0.02053019973580337,0.061475968726333347,0.10967528293421475,4.290569853069314e-05,0.046877098506696954,0.12706155775588882,0.17687868241203356,0.00010180029184587369,0.011549716769100741,0.029531273776607574,0.058332440086350856,1.103863063748262e-05,0.011061122118731693,0.03497427347964494,0.07090832216441877
64,0.00011238780790092654,0.7829260477515437,0.8009897866389352,0.817251597620045,0.00010317185370307352,0.008098316258308634,0.026107062427140792,0.05119543433885492,4.279855958944443e-05,0.1703983447610063,0.23288213344664135,0.2885730002298197,4.19806535761008e-05,0.010612337115492162,0.040260936141075135,0.09141774922356724,1.4455168917457361e-05,0.0089567027556888,0.02980398482827179,0.06391171120859368
65,4.304674973074416e-05,0.5495839044996961,0.5922772539473318,0.6204796070879284,3.77539415089638e-05,0.022080051038973973,0.06139750063780683,0.11010221911702925,4.285125968328045e-05,0.21841232545423836,0.2782131639593132,0.329738142256432,3.5237105675272476e-05,0.032623364346604705,0.0668127234951843,0.11658980316530942,1.7943134393610194e-05,0.009076202734366389,0.03190171270214535,0.07566569705260838
66,3.133860197596368e-05,0.34817798735709926,0.4444177148251634,0.4922398836928516,2.3313683968099174e-05,0.02177280384451607,0.07710387724891567,0.1327417885407946,6.266722305775422e-05,0.11566783104570788,0.16449963578485147,0.22003720602283536,0.0003191605877065125,0.018096431056759524,0.04600299417875987,0.07110708522767416,1.3021171173283138e-05,0.007527167150159976,0.02966514042042077,0.06210269070651622
67,3.1385371917221384e-05,0.11477356965432264,0.27033335691974736,0.3308538981946011,7.130881988008437e-05,0.00790481304557672,0.027209888277279333,0.0578055685201852,4.890102738276335e-05,0.45660998118627344,0.5351675687502848,0.564526039437656,6.023630853212067e-05,0.005321716097236125,0.018658072573838676,0.04428252032940618,1.2475579132045207e-05,0.008884313912276091,0.03421761911408937,0.07153538716473766
68,2.5087034471010826e-05,0.09100328535262052,0.2189771796275253,0.2755072886568479,2.31694032357231e-05,0.012121683358227836,0.03849373113418226,0.07131497138213026,0.0002012947477738532,0.010564293380275975,0.02748626236146703,0.054883956518173994,2.8528449137250905e-05,0.010204416531889702,0.034442342508982836,0.07965313448840736,1.1632812387947411e-05,0.010083673860064195,0.03529779496022879,0.07094609747000159
69,1.9405331661587904e-05,0.1521608398925845,0.29895557774993137,0.3559480065474942,0.0003939198045738568,0.0033797404521042833,0.014322851030156717,0.03353782129473241,4.920131076155323e-05,0.06931543078905374,0.1014132924887687,0.12435526839313069,0.0006611973291746984,0.003334132244896918,0.012529863518738568,0.02860564015138463,1.1678671175110832e-05,0.009759072533863003,0.03413011806996933,0.07033411818072502
70,0.0027500327967334487,0.44018728742905255,0.7946388980984233,0.9046007199189438,8.024942514502334e-05,0.013736821627632689,0.03872925901782495,0.07496848404129239,2.761948057149196e-05,0.23127733286526012,0.30729625945263395,0.3314683899777246,0.00011517260864236287,0.0036289307983572335,0.01297001701304971,0.030631671942244164,1.1328954220749599e-05,0.008272480478716095,0.03326496635027709,0.06683802435915115
71,1.3966210501319204e-05,0.06712335732596292,0.1168632973486155,0.16933008269543348,2.8566011135160618e-05,0.12710561982667462,0.2201205541521675,0.30264375319607134,2.237377824496019e-05,0.02040428539185786,0.054213269243566446,0.08545068771096642,3.0380253574676424e-05,0.007383182611791008,0.02245957521911736,0.04946361611031825,2.8315737830244075e-05,0.027797045236787297,0.06077272610449215,0.10398965348031844
72,0.0001101285192498222,0.1774713386034899,0.31973740581204924,0.3909614663791968,2.9295669872905362e-05,0.018951605642986192,0.060374828670154854,0.11217953221531851,2.0729516622369658e-05,0.018440309651754066,0.03607523460843547,0.06501037775425438,2.3056867635288957e-05,0.009075254319534093,0.02962469666566444,0.06666947154874873,1.0375800053815093e-05,0.008043094974650592,0.0261907365220782,0.05634955423916538
73,1.1914718248533913e-05,0.043748600920461525,0.10467054560080674,0.1538968671770649,3.711996333871722e-05,0.014068653252564378,0.04302791213581833,0.08264200181478826,1.76710437518575e-05,0.014917899071563745,0.03669681857857207,0.06338723063180457,9.753778138236646e-05,0.004122345290468034,0.014583633186849975,0.032527199150111125,8.600200703636667e-06,0.01075722250769162,0.03294746457562943,0.061921253127916215
74,1.4182812162669025e-05,0.048837848365837856,0.15170619276455424,0.21682340861141475,1.8041332359335178e-05,0.0229882765121079,0.06524901719605541,0.11425658157580115,1.7505879815805113e-05,0.024452623330500054,0.047757695869549,0.07220811850528173,2.4277641216594932e-05,0.007609002828928802,0.0229205765973257,0.051432092867868366,8.35408159165192e-06,0.014735777595680722,0.04319986449732904,0.07442612733204752
75,2.715850924357004e-05,0.03597089877167737,0.12946837472186082,0.19092881055602776,2.9038429581233516e-05,0.04311328154557636,0.0736642969660686,0.10376753042238343,2.6203653873186346e-05,0.3900570739874436,0.4044733695255369,0.4195001319084175,1.8057277571932222e-05,0.008852526986604181,0.024739496048339606,0.05562617542300427,8.854036075587503e-06,0.018392176004334262,0.042130074048676615,0.0698981674137626
76,1.2944807363134952e-05,0.05167097789245636,0.12911803805748265,0.18444722306208464,2.753580595835064e-05,0.38565889771050454,0.40651076040828277,0.4284870881899381,1.9525096909530693e-05,0.10694814492463606,0.12594037054052232,0.14812815675791793,0.00018394032916669824,0.0036102759441414495,0.010807415786669472,0.0322989725986061,3.312309718994646e-05,0.00478869271856406,0.01785710049796384,0.03763059655422561
77,1.1675933207925873e-05,0.032472149064964276,0.10766224723604592,0.16495530949913823,286148877926946.44,0.9999999999999993,1.0,1.0,1.3658802023037703e-05,0.013228186108893331,0.03436037551310476,0.06188591877944622,3.944140528019796e-05,0.004874356215284833,0.015236973379756267,0.0364439341154212,1.008884552067681e-05,0.011568240795495805,0.0372724195884014,0.07087414150826334
78,1.4638976177516089e-05,0.04747654075989164,0.16139566519775442,0.2295000856080723,3.400384649166934e-05,0.00891055133644524,0.028519362332238358,0.06026879449847419,1.3558368683010263e-05,0.016041971081374236,0.04166078297432692,0.06804546169872787,2.193376719777161e-05,0.005255487259315381,0.016781342216797404,0.038766774750201606,6.717840781520829e-06,0.010998189664009563,0.03540613816067828,0.0672965290752558
79,1.0972012703925698e-05,0.0376608273101936,0.11145195100935477,0.17214434614838386,0.00044397923354033757,0.9623775369853275,0.96386950138925,0.9652078497365347,1.6824914932608622e-05,0.21926956221750118,0.23613998903839836,0.25598193240675204,6.165042383401566e-05,0.017881029888604287,0.02576770619585801,0.04180685186029213,7.4595970553889056e-06,0.008589444116210673,0.030673669752947188,0.060514011665014036
80,1.3363546988547376e-05,0.051516127544382756,0.1239329017584824,0.19557246717890442,0.002502335915684913,0.9944299218398469,0.9946090678211661,0.9947868953088543,5.880615077649519e-05,0.39652215670648305,0.4105813841549103,0.4276469255089104,3.819874843063995e-05,0.007357707164172113,0.020704722386411686,0.046622699854639044,9.319554754012601e-06,0.013465661102585052,0.04263359013293992,0.07976701161305902
81,1.1342541732112946e-05,0.04353117945216282,0.12429797050292864,0.19975378818042439,5.011816583228239e-05,0.7340368274670547,0.7427641975624325,0.7518235464698131,1.2509595792501086e-05,0.013403919803098392,0.032016007571591766,0.06142091787519739,1.4860548523648188e-05,0.014653584030535722,0.03583653524528383,0.07329471080374773,8.38447530336524e-06,0.011456080078834715,0.0379924635742126,0.07296433651780815
82,9.441057920532448e-06,0.04616070235858498,0.11600324675025457,0.1886513449463306,6.17943430713585e-05,0.7632766428653811,0.7706013311685457,0.777908056695061,5.6186576941030866e-05,0.0935726170745595,0.14989487746868982,0.20074006154832308,5.204119976430711e-05,0.005385752940228161,0.015295794742424077,0.03769481290901983,1.0971991878875756e-05,0.04130383921039947,0.08066193431739994,0.12285115559594328
83,8.994768707406408e-06,0.05435473438389709,0.1279222137192431,0.19702928951570778,0.0617085340680158,0.9997421529431598,0.9997491050119562,0.9997560728901829,1.2975186102235143e-05,0.028856328133440863,0.057279709910887905,0.0957875386790241,1.4779592394205029e-05,0.010865169815388652,0.026116343970431197,0.0540050916427618,7.054733777360481e-06,0.04240859123754051,0.06886902348527786,0.09633539127651952
84,1.0159114699386127e-05,0.054013159926203674,0.1255437289472347,0.202992392315203,336073.16041667666,0.9999999998834597,0.9999999999068273,0.999999999912035,1.2543372291056842e-05,0.025428178967032714,0.05174896044772997,0.0871320275598438,1.4055669032786699e-05,0.008567803252357814,0.022300924637711737,0.047994098923196435,7.076352236800811e-06,0.036448400095567025,0.07993450271159609,0.12145153542798143
85,0.0002635148435378128,0.005979736120480051,0.019893674006753313,0.048822536869149384,1.5225906456846721e-05,0.08254600684614848,0.11090513215674994,0.14619215033408275,1.504589252372718e-05,0.014297802149543343,0.03929693777627435,0.07325224790673042,5.20610335199044e-05,0.009796233476925525,0.02487636758995612,0.05285705292079047,2.530319145764811e-05,0.07046301563355202,0.08297862097951855,0.10048093209957419
86,1.2074581915676756e-05,0.10118537993649972,0.22751061842759246,0.33028737826496907,2.925284078332045e-05,0.48734429105348126,0.5017054905944369,0.5199382813312808,2.1473480216387183e-05,0.3996188376890294,0.4139563797575809,0.4295889117674214,1.4005970346236715e-05,0.015615830151030808,0.03430876429737574,0.06993631728934102,6.562599781797637e-06,0.014114671960803054,0.05491680796893082,0.09888328158784655
87,1.2875674605841395e-05,0.0747386640989965,0.1943029242037121,0.2855167359522183,1.4712620092798136e-05,0.012663063827996559,0.04413199144168429,0.08282127736285717,1.1786973655637705e-05,0.06756304421157483,0.09518465006806939,0.12353200381172237,5530794.2887763865,0.999999999981464,0.9999999999882538,0.9999999999892838,2.0184573730416598e-05,0.047260762087397316,0.06937873414381514,0.08884687838505054
88,3.376730937115438e-05,0.05148238583626094,0.15014338981010278,0.23007940660624163,1.2070564895597508e-05,0.01754759373682188,0.054513609566537904,0.09489583627821832,1.0649868638145046e-05,0.08986175531667417,0.11883898070022966,0.14237072858615885,1.5651383879994534e-05,0.011652270636476615,0.028048932541686996,0.05627532404508246,6.6911483310334894e-06,0.01610099959122953,0.047785873703432846,0.08821980855170473
89,9.992677390305236e-06,0.045979397838748236,0.1318405645102488,0.20219535244084016,271317397050616.7,1.0,1.0,1.0,1.1156988435064105e-05,0.01141057958882601,0.038206942308197156,0.06868369751437284,1.3309515581178094e-05,0.009526063446310887,0.02512885408383093,0.05193864100298196,6.107728429283403e-06,0.012176668907614121,0.0428154852480166,0.07431328346434826
90,7.439510773419849e-06,0.039766868700032605,0.11036284395164178,0.1727840485505322,2.000009388570514e-05,0.1302958211425929,0.1809294343197935,0.2672784247428744,1.1677489821546652e-05,0.07469249174650952,0.10786772373238604,0.1427260425854836,0.07896573647893132,0.9997773105077492,0.9997804934205285,0.9997852142867584,6.70338993298502e-05,0.005668439390776765,0.01532304762460424,0.033035615014605536
91,8.802253399599872e-06,0.05945609125776296,0.1449515220201494,0.21648651112880146,0.00010853427280645816,0.898317331065798,0.9019524179940062,0.9062586007616175,9.545024709760296e-06,0.012003894304327297,0.03531862034359973,0.06898360180783103,1.1100669766980426e-05,0.011376670263755684,0.02807606922814692,0.05739639216996881,2.713223585186785e-05,0.7210923727600195,0.7299407917859585,0.7352631543777833
92,2.384156369855734e-05,0.05008362088906551,0.11763165458403463,0.1778316093378484,1.1056505476191481e-05,0.013889284549135647,0.05206094711564025,0.09812371463361316,0.0005039598597016883,0.2602921358560818,0.4469941999525646,0.5504661813465613,3.273173048383986e-05,0.011124082475444247,0.028250740698340084,0.06010193885518334,6.841196797017792e-05,0.0706020174737662,0.12148406485290103,0.20830048329118014
93,0.00016753235396291044,0.393619656354383,0.5581798765658533,0.6422952339587809,9.884260532164834e-06,0.023625852675539093,0.069742106536308,0.12862792323043187,3.076243571529757e-05,0.04133199468393089,0.12627936261460895,0.2017417213010444,1.2254338949281297e-05,0.011196499700928482,0.024350008123737537,0.05263066914704394,1.7843586631462054e-05,0.5574253832883322,0.5733795363727383,0.5826039223773815
94,7.251320026683121e-06,0.04035385905202465,0.09782298298505175,0.15982867302974807,1.1753877829670034e-05,0.06871904847215471,0.10660619985553549,0.15025985146120563,1.4617167241673412e-05,0.05333194266634684,0.15813185914113692,0.27567572371402704,1.1772515948349132e-05,0.10138151813561354,0.12193447183537477,0.14887704381606912,7.523587966602996e-06,0.013144941035422459,0.04242306684869406,0.0795896041368548
95,1.3091763479068763e-05,0.044564839949435726,0.10333216566047211,0.1511238138611186,0.023433691450187595,0.9990138535364075,0.9990639008611129,0.9991160912643335,0.00013151216423281682,0.046744850949888006,0.15379719133722686,0.261661307370154,9.640068096975174e-06,0.023791916234452204,0.04807338444110599,0.07916819857529696,7.273304971748046e-06,0.0148425710478496,0.04636937098058683,0.08233174605850822
96,7.218695731351745e-06,0.046578038320028034,0.11063604613431588,0.16104153372568225,8.448933261304152e-06,0.02281572243949215,0.07427504209377477,0.1323099507368211,4.451588935734084e-05,0.07379116032295738,0.19931710069731895,0.2922238252247675,1.6885818205768294e-05,0.40568070560685326,0.4205684209700384,0.4392373426274843,9.310837794415066e-06,0.012634440263797406,0.04163568041527871,0.08018512722414012
97,7.5456281544088015e-06,0.04855428787511855,0.11555292095968873,0.17119427554424577,0.00014551316012580893,0.9381543892996614,0.9407662618292533,0.9436098432995444,1.3472726439049135e-05,0.0936426267774832,0.18470286670466504,0.2748015293323652,0.4210971140796625,0.9999471606502741,0.9999489027687566,0.9999501209507218,6.612078542580701e-06,0.11372057314808016,0.13845890061071098,0.15932993735695378
98,6.889754889630725e-06,0.04091539080979245,0.10067027457964439,0.1541098454354875,1.1239622777131892e-05,0.10525658411648423,0.15069814439017196,0.188258600031877,1.1329053251549218e-05,0.07865055054496478,0.13504739672038182,0.1956639084423296,1.1945350228727647e-05,0.009862985759968138,0.028342748701703432,0.05759058842307389,7.504285745189701e-06,0.06191484259211003,0.08847480530258926,0.11073623616457519
99,3.2258554227435e-05,0.017306176857316002,0.045566980245013634,0.08226617485215103,1.8806158986090144e-05,0.31705148464759086,0.3482419358211822,0.38018619515236235,529.8307171516137,0.9999999452633228,0.9999999474291141,0.9999999491086735,9.615624347491425e-06,0.02286441240073337,0.049709257614309096,0.09128850030286845,5.98285978008421e-06,0.014055585133035703,0.04787440032892758,0.08326146497859144
100,6.454398745044277e-06,0.037376040654987876,0.08867501983780814,0.15372240379566585,2.519182783068308e-05,0.1003295382137644,0.17222225735175709,0.2548306844437772,1.5386202885919685e-05,0.03675565428318756,0.08666219600533169,0.1372103585334196,1.3792075189401698e-05,0.10921917365505307,0.12659909224798324,0.15183961413967154,5.545325655314336e-06,0.011188147553771935,0.04118810261472436,0.07722942503131981
101,1.1811585439665758e-05,0.04733534473931941,0.11335105362783628,0.18604120063381818,1.0179684310186699e-05,0.055068738445461445,0.14848817550233356,0.2454142873343742,0.004406140127714936,0.9948756346460209,0.9951599140620297,0.9953379908506301,7.703622853300715e-05,0.37249144085315467,0.47050134150653616,0.4975132986065141,5.448440074309202e-06,0.012020612806530086,0.04855845948440638,0.08628463479998343
102,1.1268073703505216e-05,0.04396096147636702,0.12252586755474466,0.19160340889498195,762628908904.6532,0.999999999986872,0.9999999999999655,0.9999999999999979,1.229748878343386e-05,0.027570867795102802,0.07299425600078606,0.12226349291915752,1.0752681601203182e-05,0.035022748950638755,0.0814911266364035,0.12915907616549682,0.627272281604179,0.9789506076744644,0.9997343706378841,0.9997788257079213
103,5.989516677134834e-06,0.02779431134243114,0.07207436383227543,0.12570762003256172,2.979048355031043e-05,0.057450678652732005,0.15647180732596266,0.2785832786032335,9.128564175613726e-06,0.02820069650072728,0.06207813139612912,0.0978574229868853,0.0002845089039658739,0.8466071833851895,0.8664163192477565,0.8711665930204965,1.400757617388057e-05,0.06817411828850192,0.0925831654002207,0.1128253446636875
104,7.869606748503601e-06,0.03428257332411297,0.09410427681057928,0.17611764064080257,0.2042772615665058,0.999750565026075,0.9997657492575067,0.9997791817275168,0.0001289629056626699,0.806472020076758,0.8106024798576913,0.81486919860149,1.1048274289255888e-05,0.013669088704826955,0.03124719469218295,0.06307984730830905,6.883928403765441e-06,0.021769511569254295,0.05709929635415443,0.09364556224171709
105,5.85724816677132e-06,0.04487026898701118,0.10819321841065052,0.18547295869171637,1.60940315812489e-05,0.035272317512040643,0.09113238034304447,0.17353198948183657,9.765849562697886e-06,0.02203656915667988,0.05714184816803722,0.09273618940343968,2193700.4318357296,0.9999999991702295,0.9999999999543489,0.9999999999661103,3.639930460346293e-05,0.01404905935325023,0.041446637103882036,0.08495327144735805
106,5.938126250465029e-06,0.03865630452852053,0.10902107284786264,0.1877239257185091,0.00010964441985347356,0.9101788454909034,0.919116562971233,0.9251049842142613,9.069165686093569e-06,0.021223172108033372,0.05235884223147571,0.08823177490570551,9.568070168623482e-06,0.03214404325789776,0.08035303492388664,0.13335983166542426,0.0009743815013771851,0.9950510669931387,0.9952243923272018,0.9953326523386004
107,0.0011272010366596707,0.49869365489995204,0.584505417946492,0.620770753693253,1.402473617186633e-05,0.0846741717922777,0.19180658280557564,0.2554008405175944,1.200875015877156e-05,0.11356412001273385,0.14892207645829547,0.18258132959701412,9.139459525467352e-06,0.012971528532448822,0.031912906126465176,0.06378863590215013,3.3540431639545545e-05,0.008645623891336624,0.03344677581795242,0.07210967945388953
108,7.506539411085047e-06,0.024042018942679367,0.07855012111178479,0.14971266738692907,2.4360488507733935,0.9999899381798681,0.9999942182850357,0.9999946117655952,9.56417187583011e-06,0.01629388635541849,0.047832539878116496,0.07876165869767207,6.696637370895481e-06,0.015946128951819797,0.03872864471634537,0.0774761191357901,7.945777214787098e-06,0.5245226269250663,0.5392763121951348,0.5509188527721666
109,5.226179579953457e-06,0.030987233920243898,0.09361680493765172,0.1636034610222513,2.166780245562048e-05,0.12199959513432045,0.29302270689985505,0.40937543466591836,9.202073530796995e-06,0.03136654968008137,0.06394316033972902,0.09135895773541532,7.275793307587411e-06,0.014779173943518468,0.03575917394165067,0.06904985682517152,3.1815356122635876e-05,0.008193980250605226,0.03465558150870762,0.07326049760963887
110,6.848894639567193e-06,0.038108891367242326,0.10988739625097144,0.16416285912159612,9.225401239022873e-06,0.07747454914424023,0.18284432989714441,0.27600945747679917,142719069.9697753,0.9999999999999063,0.9999999999999121,0.999999999999916,6.889256390540984e-06,0.013986849882218117,0.03811184442463849,0.07533213236218059,4.821571639081594e-06,0.13276077823896587,0.15915726443212685,0.18127132717201358
111,1.0188287885761045e-05,0.051374325771198055,0.13355963091163556,0.1950205577356932,9.34188246215959e-06,0.12192830962885175,0.18096928561740502,0.24477158979256106,8.216153650299268e-06,0.016662536825642758,0.04987221058804521,0.08316633702411852,7.117464679805169e-06,0.0221720277796227,0.05780742002310111,0.0989364175640203,1.0310916414673912e-05,0.010612691604123745,0.03509725310108961,0.06819963788980062
112,1.3064289030045178e-05,0.0493849293631663,0.13166577085399872,0.19474657229220443,12.307249328896216,0.9999982405745964,0.999999146204508,0.9999992129314454,1.61559434815501e-05,0.010225819426009742,0.036188494687964326,0.06402580799559714,1.0304882605694019e-05,0.06473321416722434,0.160895234270633,0.2504608991109895,1.0677832212403524e-05,0.010735769073142089,0.04205998908296159,0.08449276106109521
113,4.912168764669957e-06,0.03059584839480008,0.08359818997717547,0.1389109709352016,1.3818799397629208e-05,0.20608205034280366,0.4181658201280411,0.472353565967443,7.1596697356524104e-06,0.025589098632160523,0.06322671727757934,0.1061894227236366,2.382712101695659e-05,0.026676703766711576,0.07717014343588044,0.13871872033692276,4.452524454679541e-06,0.036923501448289216,0.06639620297446207,0.09355976984524945
114,6.4560484932923654e-06,0.03630634406781585,0.09852196841967305,0.15777043354428585,8.255646521389598e-06,0.15647097430528267,0.2127703887737531,0.27058639527950906,3.362547273695204,0.999976019219595,0.9999923352974965,0.9999931501984811,6.904943883779963e-06,0.018788316887870114,0.05933219105787955,0.11049765466938569,5.240617243118685e-06,0.010944661103499745,0.03999602449416494,0.07672278755306387
115,5.762911986862292e-06,0.040138392978392196,0.11757718891025905,0.17875441378930193,195637538604.11902,0.9994958273277925,0.9999995972364413,0.9999999999628079,7.4240766048793126e-06,0.020955343179987596,0.05123543732421463,0.08967501761948603,7.855503545210432e-06,0.03270049951025535,0.06736545717746635,0.11188884235796819,5.675611207419306e-06,0.039236144747056806,0.06183873512472077,0.08940117672930627
116,2.078826165852775e-05,0.4025794697796834,0.5041428657559512,0.582123437073774,4.210650711895162e-05,0.027862504543129954,0.08891682252138662,0.17272182198344008,6.931987951001642e-06,0.02135189882335155,0.04899832339225924,0.08181036871489104,8.169482304925768e-05,0.9002024054327097,0.902642821716657,0.90640532157743,1.2022406634525979e-05,0.018133952438651308,0.05068016495143287,0.09317756450459402
117,4.638891826025312e-06,0.028468167116896488,0.08963904890281092,0.16046364838630853,1.283407310463286e-05,0.06119931178534291,0.1740101454853555,0.32833161777827413,1.153155016607166e-05,0.02559632432167518,0.05760910723585483,0.0894513791164475,374392.8781334712,0.9184470312466315,0.9999999983376507,0.999999999489445,4.0358753076558255e-06,0.010552258461685834,0.039490817342207545,0.06721944270452976
118,1.0903833103895028e-05,0.06388430403659287,0.16407823439992555,0.22362365867912573,0.049484398361988126,0.4875092641541001,0.9848224823742346,0.9910398383831479,7.2006586368019655e-06,0.018046333523236813,0.0436184294029882,0.07832296915868683,1.4900292519011102e-05,0.06085630859317406,0.14113119919916786,0.22446951937371587,5.3271980580720105e-06,0.009966964887630285,0.03588415323816822,0.06510752137368858
119,4.383040977336859e-06,0.04169365827437913,0.11233779117891214,0.18546231710659977,3.224572048097134e-05,0.026909559195573123,0.09596331094190713,0.18680311381850098,7.067262949662611e-06,0.017667843195028073,0.04430301760741559,0.07318144570263567,8.100910614816405e-06,0.03475982425491776,0.09729573154446801,0.15710297644876495,8.444886153657323e-05,0.010503500023574787,0.02618548609028121,0.05671203717381125
120,1.3272055874384664e-05,0.036003488733849835,0.08734928575876832,0.13039878170765012,1.4777907751536771e-05,0.052122582524266534,0.15747761551047884,0.26623521559797464,30414259923.2329,0.9999999999956254,0.9999999999998336,0.9999999999999616,1.4961887337203816e-05,0.018535173221723253,0.06517471760609103,0.10981459890628996,6.087747095477581e-06,0.028592934718053343,0.051278925144643536,0.07115206232872695
121,4.851671651142807e-06,0.03713451413007815,0.11521460165227185,0.1952253058159907,8.754371593255552e-06,0.04435232294805115,0.1370849185429376,0.23716554854441674,1.1546648441400389e-05,0.1738578989563161,0.21418862074409348,0.2625755543158672,5.588109842796251e-06,0.015693469743965037,0.046126378687281984,0.08513745332119968,9.055665195229212e-06,0.012390196422608737,0.03883693731234208,0.07645184877338378
122,5.272281438693459e-06,0.049530354577901774,0.14546339226173163,0.2447730973245155,3766864.962892415,0.9739033248325936,0.999999927484947,0.9999999993401706,8.540741615891523e-06,0.0921331421089941,0.13466695128331954,0.1675826672561312,7.203537537510091e-06,0.01150401065701794,0.03708199629475363,0.07418712967323199,4.253572485399615e-06,0.008914710117041095,0.03300175768425313,0.06193107886402984
123,0.4980221703419076,0.9981211339295079,0.9998194331690434,0.9998527461780611,7.757888655817144e-06,0.04473213232156146,0.14001595858073576,0.2258516560803421,7.190232728589792e-06,0.026134333713448966,0.07119954239716184,0.12533671217092227,0.017083246028362555,0.9994633011760234,0.9994887593265452,0.9995046272241854,8.421570341246215e-06,0.011074438948522404,0.04244454523215981,0.07992149590721617
124,4.618260634811881e-06,0.02221522845010706,0.07756429249944127,0.1355566293882268,6.835930209594074e-06,0.04174565054210203,0.11632177756632485,0.1853681222091935,6.931716612565862e-06,0.02326538143101638,0.04659057201059663,0.07759899684096931,1.1575270306317948e-05,0.054658539843131994,0.16741666513304973,0.2648333001414696,3.933698960906859e-06,0.01234374810100892,0.03653258431126999,0.06821839314211899
125,1.0045168632033382e-05,0.03873733005155351,0.14030998903810304,0.21964366406990138,3.171015645442245,0.9716218524412621,0.9994341561527742,0.9999822818071477,6.28308994354508e-06,0.021804517693811035,0.046037878724881874,0.08082800050306994,5.837524802062288e-06,0.018020924127820907,0.052922762578631606,0.10231156273971127,5.647256921550334e-06,0.00807037214503386,0.03237047510931547,0.06015840130219258
126,4.549399499561757e-06,0.03373793544975398,0.1007082370731856,0.17328523528700976,6.834557995749394e-06,0.044380262375910945,0.11365750005261131,0.1827496607492769,6.68897230548948e-06,0.019113142103439344,0.04386096835858,0.0779619653338278,1.0724814884040131e-05,0.02281815747608272,0.06138228826018813,0.10944556468696699,1.3562815078557475e-05,0.01948718723908185,0.05501783190160367,0.11061728264358098
127,4.778958268080677e-06,0.03570070168854514,0.11119773090909174,0.18077039351105564,6.514840724649893e-06,0.03444214841133358,0.10377740029773976,0.17126677548174873,2595.6207970443284,0.999999976034678,0.9999999940915605,0.9999999943963067,4.283145161519405e-05,0.46848970395491085,0.5067703535673354,0.5289058392084468,1.1597063471206898e-05,0.016128460220693076,0.039578336579375505,0.06344547265288333
128,5.025782617451614e-06,0.043680043844762116,0.12235862238524528,0.2488772506877013,7.72275354535095e-06,0.028362593115927984,0.0914894809821561,0.15747756380533692,6.781808345945055e-06,0.03075871790991271,0.07037617552560521,0.11110488349072105,5.518138231389324e-06,0.02444462902765933,0.06451864665790057,0.11394055649069797,3.5257182086150187e-06,0.011790901461753475,0.036600268760638495,0.0658082807910114
129,9.012501671795252e-06,0.02613625754820382,0.08727410635464455,0.14111028578749765,1.3261193661948407e-05,0.264865303797443,0.3444260574222784,0.39871811380652555,3864.923924015478,0.6809116513711806,0.9999999470614831,0.9999999703370079,1.022100094362505e-05,0.03088563675643638,0.07384328780869616,0.13278731525214682,3.708248724092167e-05,0.006276635544139129,0.025581379573803763,0.05713846885136549
130,5.2455574663402835e-06,0.0371185153331971,0.10591478165681834,0.15278587791387266,6.475638393054876e-06,0.055573759962068855,0.15943795196916483,0.2523443505141756,1.7245229053821186e-05,0.18298884705227833,0.28962167568354164,0.36498698105614213,1.983074533227833e-05,0.008148794401034373,0.024427049068808875,0.046214459292272275,5.252520860327739e-06,0.09877264431164431,0.11891280711449577,0.13846320581914603
131,4.820964363578335e-06,0.031303244783622994,0.10440306823720602,0.18522511997821062,8.052393537098701e-06,0.0822001705338514,0.21953175079400614,0.3127423034552225,6.383514031531975e-06,0.07672357444504907,0.11819633567091457,0.17558614299121883,5.1022663519910885e-06,0.02705982303132694,0.06360325055831306,0.11196295256206777,2.781934028469617e-05,0.009419444810779274,0.034171029682796915,0.07084661787975989
132,4.820830902262407e-06,0.05235618647072678,0.12337258063136856,0.1871028854977707,291564475.47469914,0.9998009106112147,0.9999999678742698,0.9999999999774417,5.734044435110291e-06,0.06191920371922412,0.11272359322973166,0.1592889212512639,1.3945549643480836e-05,0.023189950470070143,0.06334414853337582,0.11905912176938856,4.525378963928069e-06,0.00740706849042257,0.02399666985790594,0.045699719893668674
133,1.2527736344353219e-05,0.18076717794767344,0.27194486698217063,0.32683210502489624,1.7052087446831418e-05,0.17759356678728094,0.3902977738314761,0.5485496682598529,5.8729634775996365e-06,0.045833201502672415,0.0747037497149755,0.11722673584321233,4.736617147854544e-06,0.019702573796515806,0.04874308665570397,0.09064533659540479,5.553425701286692e-06,0.008946422332505831,0.03571238526209452,0.07085974257220436
134,3.80755318080946e-06,0.04176730232607476,0.1181250889452013,0.19854440427937306,7.632324484511357e-06,0.0841512840985692,0.22132338270228663,0.33852118108831386,6.076309941336058e-06,0.04227487779097786,0.0704388721863988,0.10745832368534415,5.337439474367168e-06,0.00904630474787632,0.031572571755447476,0.06038271432675895,3.099142354819588e-06,0.008803461945952561,0.029623240109341857,0.05436863508142545
135,4.346938428797703e-06,0.04702855239353682,0.14821501427556474,0.23692074814592254,7.594348246856201e-06,0.06922198078681671,0.170276052897354,0.25932360021611284,5.572190425155211e-06,0.03771746775704958,0.06693739747543023,0.10231825526403507,4.360491670175709e-06,0.02232885123482334,0.055523298339197634,0.1046950079448509,3.3602959097735293e-06,0.009798874353373588,0.0346316647430939,0.06066779253673288
136,3.928659762883711e-06,0.03502798553835707,0.10699129524473053,0.19525658680477478,6.392222886698362e-06,0.041091561497919725,0.12311217457532256,0.20519436894869225,6.891718142838987e-06,0.10735259723004789,0.16268253936443683,0.2112251117560569,6.938657558021309e-06,0.03948604116264868,0.09874198960817178,0.1772231646960142,0.0011664975100859846,0.8975235833601702,0.993458630912811,0.9939088203044235
137,1.088168519297605e-05,0.25083971241297054,0.3369590172103829,0.401045475153124,9.781336568993807e-06,0.1608454536436928,0.30327105617173067,0.3799758528926577,5.991228969474078e-06,0.025987321005707657,0.057824156356320974,0.09863573548704407,3.180980215496618e-05,0.01481187966569799,0.03680638206006913,0.0732119026026005,2.9488205130154992e-06,0.010378725251201221,0.03452680128478522,0.06187701395802245
138,9.13887245951101e-06,0.04471669902540502,0.15250836732149714,0.26735085971280054,1.0676695464559318e-05,0.3011089361958001,0.4527951704412704,0.5151946487930146,7.72306766143046e-06,0.09879417777072184,0.13761701935589846,0.16819586779574702,5.262243417745291e-06,0.03170505621742978,0.07821021903614288,0.13107540615295016,7.401235054222838e-06,0.008556738627261022,0.036376486445145205,0.07169370321720168
139,6.156375088206124e-06,0.04454442112767962,0.11480503147900765,0.20468604553746922,6.847372164003225e-06,0.08457071780522256,0.20949689082578618,0.28205791079179127,5.684185283161579e-06,0.03251718633718632,0.0683311872606438,0.10020177974129788,1.565431223750684e-05,0.016879292208582315,0.05362030046248478,0.10085601384606886,7.473072165375122e-06,0.015152973911794392,0.06495139722654095,0.12960626500185546
140,3.7025999063939925e-06,0.025421083368953545,0.0995273723921579,0.18844373064264797,1.3283288206228818e-05,0.09640888165149221,0.2902779591149681,0.3822880973921445,5.401268139083471e-06,0.028269507241130518,0.07967198349442518,0.11922922966811694,3.927503497630256e-06,0.023321467583511186,0.06006165497178585,0.10465664581679807,1.5566935218658202e-05,0.30481586103192915,0.3181612013336168,0.33458417785464256
141,4.422889779207573e-06,0.05033489676112143,0.14018006037892944,0.2611771724530889,1.3672767174462328e-05,0.3004590239057008,0.428611108030099,0.48955901712877486,7.889183165590696e-05,0.5017033915065591,0.823046227579421,0.8350203119597196,1.9479844549856984e-05,0.04003641674767826,0.14861481905962756,0.2569620050039259,3.2754251655536145e-06,0.011978218700949079,0.03382703079610722,0.060826748446161615
142,5.70292454959934e-05,0.07301905902132429,0.1485839410839146,0.2330261430642823,1.2696436965542946e-05,0.05966664981930135,0.2017298244890072,0.26861564605678334,5.673101024048598e-06,0.036547912807588734,0.08621302182434526,0.12943586650231695,4.371821615259886e-06,0.026684635576099937,0.08776861789402411,0.14602217837389114,3.3471775251491862e-06,0.009768763468855893,0.03292070208071624,0.06331820945062891
143,3.793327536977063e-06,0.03686845595343249,0.11032758974390981,0.17615052030914777,6.739044924392336e-06,0.11594178355959389,0.20728082528390912,0.2815108280384462,52233835.656887606,0.9999999999737044,0.9999999999995951,0.9999999999996587,5.656892009791118e-06,0.026734757341483516,0.07110203901539149,0.12743758332929203,4.327742452672556e-06,0.011525365850720361,0.04653405968733741,0.09228332344207517
144,5.695937529638253e-06,0.03667859712519036,0.10554400994003173,0.1803659449245733,0.14297694042738723,0.999717835363595,0.9998791009636584,0.9999091866644999,5.314315433041807e-06,0.037452147461975706,0.08020748675855789,0.11661355437471603,3.411443572788139e-05,0.011787991728488784,0.0440242345883033,0.08339290978459163,3.0829526557970972e-06,0.011182369722266048,0.03944129835368515,0.07653890847802625
145,3.6966761557315096e-06,0.03803402727951003,0.11955455709736343,0.20145467339639347,12901.943831498005,0.8595118838794973,0.9998619994817219,0.9999992368891029,5.767970862632715e-06,0.03765843062811792,0.08642559730300843,0.12079979407197422,7.632232667687504e-06,0.03884784997548347,0.10656681423313659,0.17059800821132595,3.361544131121197e-05,0.027806755318348926,0.0660602543077758,0.125983704316462
146,3.0416070079965884e-06,0.03805605667452684,0.1002368942796396,0.18022761783592808,6.917923597501979e-06,0.04970158383436764,0.1241626662196879,0.19963124437095392,5.856019911186705,0.8832826109732325,0.9999941914691173,0.9999954427192556,4.433741706483772e-06,0.02113023796790075,0.0715152126806161,0.12144116335087429,3.857643698339762e-06,0.006910114249274038,0.026043761931942317,0.05366562519286362
147,0.0002544873934743981,0.19372162551483102,0.21668713961027353,0.24441120054740376,5.52941126370428e-06,0.04017098084432904,0.10721039645883511,0.17646360603182717,1.1573832934848641e-05,0.42921821583751035,0.458216446931821,0.48563584217424527,5.036635504121974e-06,0.009833620538823192,0.034959839153935995,0.06590028302234584,8.361750372750926e-06,0.024662775520829926,0.0751260649637274,0.1457863394695597
148,4.575701907891711e-06,0.03993003968319943,0.13194544550251805,0.21189898683353275,5.20883913054969e-06,0.027319063442301807,0.10083636459007245,0.17990407295971675,5.541038840904701e-06,0.05710791924494238,0.11342205951112605,0.1505216522164568,6.39455212941811e-06,0.02629862580949884,0.09187817150995657,0.1588951090945232,3.931384605645574e-06,0.01081282611688752,0.03436644106342567,0.06587098717584589
149,7.250605957907959e-06,0.05863485643429771,0.15864539860044946,0.21613873000390077,6.024142519747076e-06,0.05326514918926497,0.13119417441757517,0.20125105203580676,4.848867528121049e-06,0.03784743278076234,0.07035452511009586,0.10876375116397821,1.062069862439228e-05,0.01700533503163638,0.037133712680521944,0.062385849136895995,6.028166345332579e-05,0.024836510951954067,0.055316665214045775,0.09482458572514318
150,3.578223872178446e-06,0.04146332354020703,0.1282510762939582,0.2027835126782575,5.159707775214516e-06,0.02502101391762875,0.09202093338820426,0.16373203432616282,8.158007494077772e-06,0.2925549470449083,0.3384938950243641,0.37802158468460484,5.176843340431808e-06,0.011494785614508663,0.041599905866608916,0.08351892166041318,4.466813562516836e-06,0.01006849753544824,0.03532137421636794,0.06301122982775789
151,5.74757985479394e-06,0.07402243422907233,0.17731287241641658,0.23772775868782928,5.847288365675453e-06,0.05557379145622161,0.1532073087329104,0.24095575637811398,5.543241183265215e-06,0.0373902584081932,0.09782411345192248,0.1317465632090255,1.080025600512621e-05,0.022957840467279823,0.08051000469735836,0.14816858397433696,5.534139234617561e-06,0.012707839568213882,0.05728682938379654,0.13158089095821243
152,3.089041424795651e-06,0.044614713609239055,0.126812051612443,0.19481289087235437,0.0030797247776666553,0.8689618002334514,0.9766550644438406,0.9869376421216757,5.07495921289179e-06,0.04395638016002528,0.0882609522280285,0.12337088761880793,4.194520399240646e-06,0.012336522259560386,0.05009519885145168,0.09534587544856929,2.9007743832293055e-06,0.010799328837343391,0.04103638386808598,0.08799402398250068
153,3.278389439168748e-06,0.04167001239079278,0.11962205234834981,0.2073394065834608,5.2352766087427475e-06,0.057896212344474084,0.1656411822030888,0.24988905582548585,5.456623476256696e-06,0.10068840328221046,0.1522487116443637,0.1850288230756747,5.452845324240331e-06,0.019371335577959385,0.06662685706954134,0.12304354833229027,6.4040463091592364e-06,0.04372119050123029,0.06399835593334113,0.09329922805896047
154,4.0110075961088245e-06,0.06028719679434235,0.15055088980920547,0.24207399644827277,6.722196098486714e-06,0.09027497706474373,0.18529463267720167,0.26032883360046666,4.953313138423841e-06,0.1581056713869069,0.2165179957225485,0.25000804437998314,6.3066135866435365e-06,0.006939347396081887,0.025447156947792697,0.05284335438309881,2.8105373491122567e-06,0.01067764904659755,0.03911508891525125,0.08753473329352213
155,3.1834314516913633e-06,0.04226260171999975,0.14784199157116812,0.25813863483435656,5.331163331757649e-06,0.07570763817459981,0.13657828106716516,0.20938176701732794,71488954761579.28,0.9999999917004815,0.9999999999999998,1.0000000000000002,5.652750618588119e-06,0.006375647114085715,0.023995243639197097,0.05119821416252795,8.620068291711318e-06,0.1978790921770089,0.2202805749987908,0.2558241037820506
156,3.510576020584557e-05,0.0779887591070864,0.15154560677500226,0.21292206380389095,40.81791291574119,0.7874827143232399,0.9986239228698142,0.999975212612827,1.3908446367110872e-05,0.26926559444146037,0.401805937973216,0.4677504041428297,8.491303741870423e-06,0.029633698400439546,0.0848064594988761,0.16545114857401633,4.469431119299162e-06,0.01848002991880627,0.06303219769125523,0.13302337175823195
157,3.1243921694091508e-06,0.031068894753512443,0.12400588176437094,0.22469072329891943,6.55725734808231e-06,0.086910371484466,0.22253619168640734,0.3272498485811151,2.0215767121318462e-05,0.7443880732843708,0.7771412806703155,0.7887286117713087,3.347435830318704e-06,0.015531964656634915,0.0478271670039578,0.0910746681264869,6.785658446377152e-06,0.009856652863898972,0.032329710664895206,0.06370537796804843
158,5.199853688428644e-06,0.044185848576524585,0.1134230705565484,0.19599084445813417,3.987997419914562e-06,0.07340214193419829,0.17545054323702342,0.2571961103718067,4.6017219286937634e-06,0.07320769471549886,0.11058845115117669,0.15805658572238981,3.842527876014804e-05,0.1770014318804661,0.21737681724366373,0.23611005751740438,3.3736266316502353e-06,0.014364061905023127,0.04540594898655227,0.08705583465739332
159,6.346961487482141e-06,0.048111648357456724,0.14833894960197214,0.2859426589075067,2.3074539034689263e-05,0.11466357066239188,0.36423655494830215,0.5202967104764978,44367.84847152845,0.999999999414473,0.9999999995680338,0.999999999667722,7.417363804366237e-06,0.03041299155389462,0.10653836276707948,0.19011122011540885,7.019355434735417e-06,0.00933320645142453,0.03746393129187801,0.09030503950849192
160,3.7292808429592773e-06,0.046631365182527536,0.12833899428852813,0.22188589000680786,1.1424976245689764e-05,0.07570661261479054,0.1815155755585515,0.2881967801029142,9.198929830093705e-06,0.05393134826146173,0.12074959061114511,0.15398235076368658,3.4511459011080922e-06,0.014732960519026577,0.05623590554621149,0.10459665480026392,3.5393560273395795e-06,0.0076684430850675256,0.031582459260605794,0.05771913524214101
161,3.361781728062662e-06,0.051049004323604534,0.12594130616043328,0.20054213245721664,5.8402626313553476e-06,0.07015308852614592,0.18860174275480523,0.2771531562868725,4.8686931044363796e-06,0.06268336616735432,0.10456625321019877,0.15081612218334087,4.905314396802123e-06,0.028379110660922625,0.10143553181710302,0.17933268918112502,4.79866586532911e-06,0.02279566161257619,0.06500801048272721,0.13462896693690674
162,3.019304573214182e-06,0.05883630872676241,0.14027857479929057,0.20768618460013433,7.165038322012146e-06,0.05805932153689846,0.1546434349912863,0.2445130596168167,6.969719315604397e-06,0.11975195527890192,0.18479577983322076,0.22302326575498532,2.060498976596528e-05,0.00699035792169768,0.027425604144643047,0.055257069259747,2.2913469461958597e-06,0.015557382687042515,0.04805332289054661,0.08093916805147516
163,4.373280430836228e-06,0.06178806845911671,0.14824881942953572,0.22975711498862605,1.2573799476566849e-05,0.1800684715987895,0.27149606948073446,0.3294689588921136,1.396600668191254e-05,0.6932803620338791,0.7256116434089338,0.7387978310396078,5.075781881309592e-06,0.023548169238274033,0.07584589059761414,0.1382496267156413,1.1536928828193111e-05,0.008766076832523388,0.03708535750535622,0.07992077087870034
164,1.0791080418208587e-05,0.0869875380536699,0.21676544272351642,0.33198778465513695,2.2223323780820745e-05,0.6469751002500082,0.697686417571627,0.7270709580626842,4.923199091030829e-06,0.0585707842234621,0.12784323695601688,0.16241570296132904,9.0128933240347e-06,0.01873473458398463,0.041398424718759604,0.07296949768907812,2.6543175592285613e-06,0.012389694343085463,0.03973859661233523,0.07205028604394172
165,4.4900693476318615e-06,0.0475009141536073,0.12366729068894639,0.20358335821342788,0.00042389883332149425,0.5836115234887704,0.9558949262733608,0.9667154013801944,4.090109976380502e-06,0.07465250055859554,0.1329071176319062,0.17480214403646144,3.444836520451686e-06,0.02026473613893488,0.0687602128698205,0.12761835091159648,5.804126517897347e-06,0.013028796300572963,0.05974758971152639,0.13516985349109947
166,4.823715196290735e-06,0.07496886417102701,0.17737964407638154,0.24754679480717118,4.611798860084108e-06,0.07487330090507867,0.16506191060965836,0.23530673382147996,2.5477214607188618e-05,0.7134879531590902,0.7402010895406139,0.7578673997802793,8.20457590046231e-06,0.016466784135924464,0.06495894543692456,0.12007210059761353,2.7752047542289545e-06,0.021919959469116068,0.05784625199108572,0.095644964575104
167,2.7181632814406572e-06,0.043533205863753976,0.12630173921429513,0.20349984128552556,1.0803216761732544e-05,0.12296614747077214,0.2189058190430477,0.2786764851250814,1.162104572595045e-05,0.16664633514460186,0.2049656103303528,0.22965230503357031,4.953158603562137e-06,0.3703372775630021,0.4017421313702202,0.4381942466074432,4.269361390989095e-06,0.029143516082463745,0.0813100441117224,0.16504838430663218
168,1.5475266780027546e-05,0.06832473363304488,0.15678108344406755,0.22766417945278897,3.590642942708637e-06,0.045941531387703585,0.12464785681427085,0.19611830585228068,5.286848748346969e-06,0.21257530341909903,0.2957455137562915,0.3354081936693419,3.6339493694595e-06,0.012670468457481963,0.04699205783946608,0.09210293866706801,1.6609772863742886e-05,0.03694417056444572,0.09445934423731038,0.16404420475428036
169,2.8448084168770614e-06,0.04889011692779988,0.13312596497790144,0.20865366044343295,78.4631819826006,0.9997997638943305,0.9999960080558684,0.9999986875229561,5.471991988067181e-06,0.0696818369493659,0.12117669268296727,0.16005391594301732,4.830769715050564e-06,0.022869743837598946,0.06213774666159489,0.12754836983871368,4.853195297173257e-06,0.21649296670482035,0.239787254021644,0.2641103585552228
170,7.3414661141704015e-06,0.04240692980460817,0.13945332508904174,0.2598097502278502,5.518098183765012e-06,0.06387999150751913,0.21718996846529254,0.3032115077883586,3.704724397061681e-06,0.08641071106022176,0.14397137655920098,0.1876672492729565,2882473055588.7295,0.9999851850930913,0.9999999999972533,0.9999999999999989,4.636390251747134e-06,0.011506010871262956,0.04861790716884731,0.11037620601806637
171,3.006560870336645e-06,0.05620582216322537,0.14812694516933494,0.23281715295987898,5.199354770801274e-06,0.038421608738276006,0.10739504005134064,0.17037436279295964,3.113702546949127e-05,0.7054577464594776,0.7254980022791628,0.7429934251792354,1.5647479252934404e-05,0.08206345998494724,0.280743212692468,0.41986746964809996,2.4894669296757043e-06,0.0602732853611064,0.10543886566974851,0.1452985337520267
172,4.046501661981052e-06,0.05817323180242605,0.15607417785479594,0.26948157437063847,6.200179139562008e-06,0.08764182094811644,0.176473243048331,0.24976086443195236,4.177566414481829e-06,0.0699597345017327,0.1370060674533585,0.19363190682713208,4.654886196601124e-06,0.02787465247227311,0.10322234913054001,0.20864452233492772,5.009246259747699e-06,0.06812079129003051,0.0983870687784481,0.13362845672214113
173,1.2464592233914229e-05,0.05681377423247622,0.16453446577073358,0.24474493982754417,3.778206907546618e-06,0.09458731116621096,0.16640582143929836,0.23322738804758888,4.3015858549418474e-06,0.08373032780756155,0.12207449203532239,0.16889465124936837,3.669536804972552e-06,0.01994142489339826,0.07694165164245766,0.15654194134838362,3.1672567387085745e-06,0.2037759657045872,0.2356311227958704,0.2745956646836
174,2.8510123051031648e-06,0.03977583478298036,0.13211195406794626,0.22009125622579168,1.3480636181014527e-05,0.16162185496605153,0.32527488469019544,0.4052528777021549,4.683799892136158e-06,0.05342558871615631,0.1110268609379324,0.14813864776543142,1.159315884490678e-05,0.011754261178792084,0.04164410934981503,0.08853275829787435,2.6639842063860547e-06,0.014468518950125056,0.05380252693678843,0.10206210316676521
175,4.704330020856391e-06,0.05884324493848729,0.16092881707055876,0.24717406652173393,2320.692703782112,0.9999331787386267,0.9999999481183182,0.9999999767942143,4.922856578945852e-06,0.11404877286798185,0.19517408924273963,0.2352279392215392,3.099123992811141e-06,0.023913346166449478,0.08640805128892301,0.1605036664944077,2.3822281398916664e-06,0.018835914032541017,0.049148233356608145,0.08109629621348625
176,3.066321029423535e-06,0.05745256553441956,0.15321284657004072,0.2517045168562853,5.700516848906187e-06,0.07175372594311359,0.16324667669601456,0.25586285519062674,9.487986776859952e-06,0.3382499222472297,0.3800304989780545,0.40407909459352304,1.2295996726024131e-05,0.0055156777379805795,0.020419331480448694,0.042379920376203535,7.879960844146091e-06,0.0926499488664587,0.1104461886523236,0.1391699691087818
177,1.1935635115691121e-05,0.07858766279258717,0.23993489413430072,0.3481518265943323,4.410721653279721e-06,0.0555783988067446,0.15399939618932004,0.23446975527931088,4.052378859572775e-06,0.10820766612494458,0.1945210640320653,0.23119408540363176,3.371180495601059e-06,0.017996200826511523,0.07255728876893067,0.13913823796176872,2.3675046443317922e-06,0.02386582504603834,0.06316356219859576,0.10589460915644823
178,2.719200700676167e-06,0.039692184522035906,0.12283110922660247,0.19220978477387107,2.0832064119932674e-05,0.6016902164490672,0.7243149487579186,0.7574692161618387,18.967919004085296,0.9999981770417078,0.999999447958378,0.9999994967611139,1.0811971158338001e-05,0.1584558953883704,0.17840152362505524,0.20529031597480132,4.543212297621281e-06,0.05878256667520273,0.10041750238570424,0.1654445711773671
179,2.911942918435185e-06,0.04716671598056683,0.1415855833675471,0.23455753757020598,4.52262098085249e-06,0.037854121567016896,0.13588158472332693,0.2190978237436735,4.985593058063908e-06,0.1883448166598639,0.3167882327076043,0.35631892567237416,6.282804639814687e-06,0.02420794799455623,0.08974886434455853,0.1708297619665075,2.633457356942619e-06,0.06299101775490017,0.0948057083241613,0.1232180538641186
180,4.66181233463869e-06,0.057871105563467584,0.16251189146145367,0.2531853497706888,5.625106488069194e-06,0.07768236917690226,0.21135427465593715,0.294972927898191,1.1767881387155874e-05,0.5278394550274509,0.5879565031863706,0.6242167809839554,3.2152009705637712e-06,0.009508376987734731,0.03370508696222796,0.0756165909606575,6.79327573467354e-05,0.023329379393585516,0.06334729576758076,0.10414093515773551
181,4.104050992620817e-06,0.043584704358194226,0.16421069781033723,0.26358853042375435,2.8388250455261317e-05,0.5800282496140964,0.6241663626857674,0.6603014333536512,8.83034441848195e-05,0.8046159116039353,0.8155152547116133,0.8235214398521454,3.7069418345245005e-06,0.016450319108186208,0.0616419268901862,0.13145626240702785,3.716346134618427e-06,0.040368308733732115,0.07114761945537754,0.10098937444572532
182,3.8062563216682693e-06,0.04435801560930918,0.1487015893753864,0.2552900851646516,4.080610352866332e-06,0.04450394950392466,0.12372501446183853,0.19183127734701327,4.519916860610544e-06,0.07945554802625769,0.13643834308363734,0.18262702972856143,3.0358199993436565e-06,0.009505081725851945,0.03845543398260369,0.09045283465048311,1.7130852137523704e-05,0.5066046482688332,0.6036276780673137,0.6622526493743391
183,3.607256825524266e-06,0.045145191070750275,0.17070968766893135,0.27663163001583396,4.369459490954079e-06,0.04730966820160696,0.11331481965717202,0.1841131551069077,5.283946406248656e-06,0.07144133282479427,0.1800589624371294,0.21238857149476553,3.321847269401018e-06,0.012165231008755623,0.04786986464452344,0.10944569187611079,2.5370215539235448e-06,0.027363538339450457,0.06253105552374849,0.09858385626235497
184,2.691385675613737e-06,0.04905813361282328,0.15469657163643247,0.25766819287585907,5.1669467362259526e-06,0.06369391658492604,0.16128446312251585,0.22708689336781324,7.882605284676566e-06,0.08798848739841632,0.14295250057056988,0.17587708373411426,4.155276633556716e-06,0.018122664649411372,0.05155476227177748,0.1199434874554576,4.136208891116268e-06,0.3137146527594105,0.33908467048129043,0.3691443586383469
185,8.39423287585456e-06,0.09602031838245775,0.27571082222637583,0.3815108701825221,3.598745795301491e-06,0.09619942495159332,0.16646111351134016,0.24548398181616524,4.282084100829759e-06,0.10470310543153769,0.19634529028917533,0.24251226216359253,1.5846363092093725e-05,0.007353008092324565,0.02440916729256209,0.05755247687438131,3.892019638670398e-06,0.01459335066306895,0.06373395568136231,0.119580933385454
186,2.806830967433422e-06,0.052357549500983404,0.1440923275236272,0.225915575167998,3.671477881873135e-06,0.06770315962128631,0.13803129877089346,0.213275379746886,4.996576392335079e-06,0.11121299500789908,0.20396826812253593,0.2557549443879533,4.347050242929244e-06,0.04253824393929349,0.09957221218077925,0.17624129830314564,2.397389773115737e-06,0.014206998780360814,0.061121401434941575,0.12206974277265566
187,2.720886428881245e-06,0.03993087328526797,0.15930829400861424,0.27440350983330675,5.938920552384433e-06,0.08253448920738166,0.1546009091616232,0.22162915114006787,9.367898229664402e-06,0.22823735543908868,0.28112451612211087,0.31677106867640903,4.793641450524651e-06,0.007381327201432666,0.024956381709384974,0.05428651540656036,1.93420306844551e-05,0.8323838631907444,0.8383966573630663,0.8466322855583193
188,2.4702447722552782e-06,0.04593215152560676,0.16872241220012615,0.26855247865063303,5.038767054651705e-06,0.1392931744159924,0.26994080872053605,0.3554320529080558,5.138835416642158e-06,0.2660805566146818,0.3599154917295399,0.40620768763237375,2.7631930467168135e-06,0.01904863058637453,0.06433737228789321,0.14038240475118724,8.636854770919864e-06,0.2741129953500289,0.30358678871647604,0.34868064375337166
189,3.7566323347584294e-06,0.06657713465826089,0.22764344579160456,0.3573171266486325,0.0008902942172248874,0.9385868942881435,0.9861879760005944,0.9889532461519569,7.960548641825976e-06,0.0767977046684287,0.12683272684804636,0.15726852285704662,9.673722773730176e-06,0.01202872932919637,0.051572660876084565,0.10806121479358495,2.4249565960721856e-06,0.01726897778001175,0.04686578637876756,0.08394754629486338
190,2.4396172329125418e-06,0.06469868788501543,0.20761425545129777,0.3145518512095669,4.043677825929939e-06,0.060472334203968255,0.11901832935361509,0.18516976618115133,4.9411844865621835e-06,0.16366841962117873,0.2568225185581966,0.29452455173780906,3.001330039031203e-06,0.016550507055698195,0.058198235130612994,0.11489465811552688,1.4785348853279648e-05,0.7336784641295854,0.7418760313866024,0.7555919165981625
191,5.474341078724091e-06,0.043879764976714544,0.14381046522363214,0.2523595092212307,4.619527451388718e-06,0.13426844394579543,0.20461688037800624,0.28329385877119573,0.00020412878063756214,0.9523634918770926,0.962165323717456,0.9689219985800074,3.6635519114893094e-06,0.017661280559812212,0.06421164794079838,0.12510449991313807,2.271396927515073e-06,0.022922613550626417,0.06741740470739958,0.10638322962887045
192,5.50905655225576e-06,0.08563469640959967,0.2260100823305304,0.3527526716351934,3.422964952528807e-06,0.11292214726883014,0.19246127877881894,0.26901361925721445,4.8803427332894655e-06,0.09803119000630575,0.22139994782843717,0.2812856298060735,1.5039923149181245e-05,0.5538384083223242,0.5684120688910375,0.581306369290118,2.6350340903757307e-06,0.07073788541635831,0.11473690668961001,0.163313095609778
193,2.6362172926727033e-06,0.05799049895989328,0.16859523637900756,0.2786561285201805,5.658270313662789e-06,0.09829138871931628,0.20392236857036053,0.27860121569613877,5.351117809550675e-06,0.13666110834595388,0.2744284093767136,0.34003471668616125,7.1652593973787455e-06,0.020476024488691062,0.0797697808931741,0.14320670164092833,7.180435385810719e-06,0.33408420655121546,0.35236055335104954,0.3768508320002548
194,5.4672027847876126e-05,0.33242338695577434,0.49014271054325637,0.60653334556014,0.0019431901508676,0.6596974458384525,0.9717874229897571,0.9803764379670138,4.982504178948459e-06,0.09378889788331804,0.22063711107342654,0.2768834240249869,2.7949183176301213e-06,0.013068422739254109,0.050291272601101444,0.10072162672151404,5.044652851072297e-06,0.028813490210131926,0.0754863368900563,0.15298436163000767
195,2.40659760153151e-06,0.036607434062673756,0.12816179494689195,0.23820637856828797,3.3172078981444223e-06,0.04369497312816505,0.11967020201898061,0.17767715435871828,5.346293607247214e-05,0.4812212006529554,0.7049716610234628,0.7183193785246951,5.6382942332361964e-06,0.015843175085580353,0.06537117266216089,0.13103893869371128,2.1305477529926406e-06,0.04365509930878823,0.083959431903325,0.11606428408430469
196,4.344131271479571e-06,0.04738522610759639,0.13747813476438148,0.2530597640060485,3.2021873107944055e-05,0.5875939550404133,0.6446625442710294,0.6881422613321431,4.866172231104967e-06,0.16222934316381382,0.2551479311964726,0.33010354952364446,2.577780269308679e-06,0.012829654681317866,0.049501926596153996,0.10852963125482408,6.3154594913146385e-06,0.012497656760759807,0.05168342681518012,0.12519599465707779
197,2.3125112517933617e-06,0.05543101734569178,0.15376090764516676,0.26536064309336554,1.0116720498673473,0.9998469841091667,0.9999640961136089,0.9999750746775753,4.4161599990517965e-06,0.13011539720471763,0.23771485630712547,0.28593061578397794,5.23859664944045e-06,0.008194487657085001,0.03223874434212739,0.07674130900528557,2.2924869626520117e-06,0.034263961168576995,0.07380883057813778,0.10372120275035142
198,3.252762336037955e-05,0.7522301423566505,0.7959282148531118,0.8125197990729445,3.6431577105099806e-06,0.059152198603737605,0.1321605869576598,0.2020265091039106,4.034691672523041e-06,0.12373820351432022,0.1960029050990492,0.24752074670071728,2.8767374613150905e-06,0.011085599710261367,0.048189088499189195,0.10251230273202135,2.65970786411894e-06,0.053067258173757084,0.08957184126657611,0.13153942027200635
199,3.4696305434155083e-06,0.05800593219653983,0.16426935030402603,0.27020704387691863,3.8030503192521278e-06,0.03210078491888089,0.10334846316025832,0.1729590755190026,4.564543898792051e-06,0.1472449104440454,0.2949241302466509,0.35165613367710974,4.860494747674556e-06,0.010322715477518934,0.04185558464591248,0.09220588835987469,1.7998842895508327e-05,0.7295091024875886,0.7373437608608385,0.7466456159242635
