epoch,mace-mv-sp_run-0_epoch_outputs,mace-mv-sp_run-0_epoch_outputs_top1_share,mace-mv-sp_run-0_epoch_outputs_top5_share,mace-mv-sp_run-0_epoch_outputs_top20_share,mace-mv-sp_run-1_epoch_outputs,mace-mv-sp_run-1_epoch_outputs_top1_share,mace-mv-sp_run-1_epoch_outputs_top5_share,mace-mv-sp_run-1_epoch_outputs_top20_share,mace-mv-sp_run-2_epoch_outputs,mace-mv-sp_run-2_epoch_outputs_top1_share,mace-mv-sp_run-2_epoch_outputs_top5_share,mace-mv-sp_run-2_epoch_outputs_top20_share,mace-mv-sp_run-3_epoch_outputs,mace-mv-sp_run-3_epoch_outputs_top1_share,mace-mv-sp_run-3_epoch_outputs_top5_share,mace-mv-sp_run-3_epoch_outputs_top20_share,mace-mv-sp_run-4_epoch_outputs,mace-mv-sp_run-4_epoch_outputs_top1_share,mace-mv-sp_run-4_epoch_outputs_top5_share,mace-mv-sp_run-4_epoch_outputs_top20_share
0,0.005534287048974016,0.002075081503159561,0.010218442134041631,0.0392659024242149,0.03379732327457269,0.000453271371009337,0.002265361731195694,0.009055116352807695,0.03424879486719809,0.0003659059163288501,0.0018196121231995627,0.007182367161356364,0.02925573189828594,0.00034457596404012834,0.0017082829191682365,0.00669689527736823,0.01827907002697242,0.0003154349774229639,0.0015528783071473526,0.006087806328442124
1,0.024640526476387602,0.0005592966882308785,0.0027762100166163917,0.010920792070272193,0.012989564464837084,0.0007571669402624833,0.0036646609031137194,0.01202281412557135,0.035588635443125564,0.0003349312730491357,0.0016593207407536686,0.006489119687518635,0.03236832664219703,0.00036096189310000294,0.0017984150320236824,0.0071420961606302015,0.014096080117779484,0.0011360518891252083,0.005669113301605666,0.02256126959088074
2,0.014101913472026934,0.00039710013763199576,0.0019336742372253058,0.0074595874325902685,0.025588720823951284,0.00039758372516219875,0.001977563779235001,0.00782611340506002,0.018187096547486997,0.0003244945037257835,0.001564491685134833,0.005752053633757244,0.030759899250782236,0.0003102320418187956,0.0015308112023133984,0.005922850407420451,0.027617507956955313,0.0005592217829927951,0.002785910661622575,0.011037069571348146
3,0.008627771777518686,0.00037321510019492764,0.001642357934122279,0.005752605609021736,0.03907439024383142,0.00039019055043162883,0.0019476025267181466,0.007761593430131929,0.0368176706719757,0.00040108898484987984,0.0019987403484442844,0.007848256201309231,0.03762350066671786,0.0003921523827987829,0.0019510086702758651,0.007701940213716858,0.03526847979760024,0.00046129842983794916,0.0023034388345901055,0.009184386974215017
4,0.0006877639873378623,0.0016572528861361169,0.006062923235321326,0.015875317000001235,0.0317860145932979,0.0004926661702169497,0.002450026137075653,0.009662629118285703,0.01597724313696891,0.0013353158593122807,0.004789665601318956,0.013983539205501272,0.026784289042673527,0.00036576808079358974,0.001815729122117559,0.007150747352208741,0.021917385090780735,0.0006452300577107549,0.0032152823959825474,0.012762078234860216
5,0.0025431124014906395,0.002016078875272453,0.006521860649297749,0.018275059824669534,0.03274882717460115,0.00035301083546074465,0.0017483503452256231,0.006839091315971311,0.03338070552977398,0.0002540997862368956,0.001269179572860099,0.005065382383081674,0.03064572836304361,0.0003459916345800819,0.0017064269700158752,0.0066104534002851155,0.018168527009581954,0.0003829859721932,0.0018740021885634733,0.007108594999390958
6,0.00013744643491868963,0.030592613487218312,0.08718586480789933,0.18602175760136683,0.0069961706406567485,0.0004281565032148802,0.002024927413010968,0.007513433793616068,0.019516629687178776,0.00036138018559368697,0.0017832188574579413,0.007003114465153687,0.007385603730884682,0.00038000767393017395,0.0018949212922878798,0.007525120598076636,0.0014179993982009278,0.0009585893635926614,0.003116757629947038,0.008831351146498405
7,0.00019511375068339282,0.012188320311999215,0.0368958661030594,0.08171417586586753,0.015775177760193517,0.0003126662319645983,0.0015408919189524343,0.006079846765295555,0.01818785728116227,0.0010413491760121359,0.00520648921171516,0.02081405521149597,0.02614342435059466,0.000604077951547534,0.003015715361140832,0.011995942194952265,0.002639809457045043,0.0010026942807801339,0.0030173663852801026,0.008858955017841749
8,8.082176170699509e-05,0.019687178172275593,0.060222195776770814,0.12454861313911218,0.0031607087649079347,0.001829350776297227,0.008935388054496967,0.03365301573133685,0.03882229601529864,0.00042607212072214056,0.002129953289404415,0.008514559225886995,0.0029423111276052263,0.0013288296402462084,0.006349734652155368,0.022253855440883017,0.00024163333902112196,0.0022885505377609624,0.008441620119792253,0.020942068021488694
9,6.441002680695034e-05,0.02778904546504042,0.07733951194198993,0.14680393450569848,0.001179016980946367,0.0008252585456077672,0.0025821281776079773,0.00775670485340465,0.035514595767155904,0.00047083088887703967,0.0023526497057742768,0.009372765469791718,0.0008453118836511963,0.0009796906523796473,0.00474161045626263,0.017337511324847812,0.00014236983067254867,0.003835376090852736,0.014388537304322612,0.036842091379149226
10,3.758894801657461e-05,0.03182701673895248,0.08215096554633972,0.14102381417577647,0.003196084052459364,0.0005843918822859395,0.0025194480544884924,0.00915860531431369,0.02856959403227164,0.0005695906792331022,0.002842866325167495,0.01124200114231271,0.0022256083741178352,0.00048435929564995397,0.0023407115489251563,0.008621409373474508,0.0002341088944864819,0.0027574184270529904,0.010644251446963227,0.02697725544401401
11,2.626752662118985e-05,0.02192803982932141,0.07103908805395917,0.12572316244389295,0.002445768567748329,0.0007806063425636451,0.0026349869836737125,0.007961870683930568,0.002602307164789328,0.0007736074253986843,0.003843748975422593,0.014937101368278511,0.00013995439060491906,0.04324279660671183,0.05796187109870607,0.07877383862327522,0.0010798227686222234,0.0015152092072495491,0.006011282771164345,0.018170372862782835
12,2.9499087243393607e-05,0.01788432582709185,0.0626179412606193,0.13365479266952582,0.00040439741710931277,0.0016787622771252352,0.005827455759604753,0.01341637492025212,0.022479188021272512,0.0005419638595022138,0.0026432565095303377,0.009918391438640688,7.770554675921942e-05,0.00349418195181472,0.011701018306254495,0.024169650319901266,8.372492888287283e-05,0.013075235816384211,0.0463688333192348,0.10599689808394588
13,0.00010211739960307895,0.005771475568084309,0.021810717891531,0.051830810317843215,0.0002078780963088567,0.003427993071511128,0.010795792704601338,0.022534120505138457,0.004409616803337169,0.0012689105972989536,0.004346570180473572,0.01232503884174139,7.557078449949862e-05,0.004507099220628718,0.016246935968743766,0.029358186133634077,0.0002330366611693222,0.011933544414558139,0.05020816251424939,0.12448793038273544
14,1.987414353363025e-05,0.013151364804469204,0.05585684570928662,0.12124558199336725,6.373550731434318e-05,0.009412437088755244,0.03684256802504295,0.07445038283072403,0.0008252071666234834,0.002489035338760207,0.007720939396716972,0.020791816538126423,3.679064252341408e-05,0.007791442588938793,0.02320340963190906,0.0482328540391397,0.00024927903568819343,0.013463476151678665,0.045278586030661754,0.1042107366094602
15,1.2252933529443583e-05,0.016266965442686576,0.07525091786169974,0.18765116329098444,0.00010060358387138955,0.017561038394443416,0.039121035483425014,0.07533847804582326,0.000474578478336638,0.0021148384861028402,0.007380384224840658,0.018492893724053175,3.426024020622754e-05,0.0057498235929001,0.016811455433029376,0.04340426074984818,3.697429447414853e-05,0.05701664408933031,0.14520801121322813,0.23590275932528726
16,2.472716786871862e-05,0.015969591521402215,0.06053914447534665,0.127855544679392,5.0981181544753994e-05,0.013356637138850947,0.051300999311747086,0.10300204059081,0.00013156916160084862,0.004480661866372933,0.01775330441462484,0.043400514991530005,2.302362075882852e-05,0.003444819853159876,0.009297512566800567,0.024483671253901388,2.33231841767034e-05,0.017990018897966295,0.07005466769638663,0.1245332650393377
17,3.554151712016292e-05,0.009633749062641401,0.03632294060199484,0.09244738683907727,0.0002348236284626257,0.003840111371211268,0.013842316059076645,0.03283192872426403,7.963098089267933e-05,0.007709650158852762,0.028292514097856172,0.06474052000387327,2.1765824996723432e-05,0.006835704329240515,0.017696796115513357,0.0390236539728292,2.6134695491494868e-05,0.04065178730021414,0.09994452389232311,0.15524321130033808
18,4.706305565752469e-05,0.022633595459799326,0.05501374559118857,0.09864581531782632,3.633497168425202e-05,0.08021419864173006,0.16555226232943426,0.2477146412690791,0.00011669307977865264,0.009979100445249153,0.028611574593928046,0.06229250210416225,2.5389811845138767e-05,0.02146879855781385,0.07112664975558144,0.11602583232057243,2.7220780913414832e-05,0.09523312670172218,0.2356858948882341,0.37086529670679275
19,9.894731695141182e-06,0.11248104487408815,0.17878948699240343,0.25290336933558033,3.309136004365163e-05,0.04234041636502807,0.12320555898952612,0.22646423157393225,5.047250028332256e-05,0.020363244012764764,0.05910404418893913,0.12836679014889446,1.6496526419259948e-05,0.01939473834691199,0.048937510882189166,0.09487038759207961,5.48861056379045e-05,0.006012432587936191,0.01888307792967272,0.036887585405770196
20,7.862183811213663e-06,0.046271396340597445,0.09688471339453499,0.16145940163358588,2.5031800418956245e-05,0.0319847904490033,0.12877794761867725,0.2589176648961158,5.767064261702353e-05,0.016654213814260365,0.06250397566306569,0.12831888927686283,1.4932018729789123e-05,0.0226875953691659,0.04537420597624897,0.08801490270011234,1.2016952092971284e-05,0.010943623702566563,0.029278312135424277,0.05716147423045921
21,8.844246307469389e-06,0.07926398710420153,0.16677302114695278,0.24630176773450901,2.6860606458656443e-05,0.05588748684478802,0.1606192024870332,0.2516132693285621,3.4365285050819585e-05,0.02755879713191805,0.09964399943300845,0.19047353428584682,1.7972342594250247e-05,0.05726595423758253,0.12566287628492412,0.1546608146856176,2.9679774135985538e-05,0.005293497325639129,0.01919591150903441,0.044895214958307963
22,2.4183036976602273e-05,0.06527147315925166,0.1386106515496705,0.22752935294198987,1.944789641479711e-05,0.04963900747580915,0.1622416304519924,0.29151483804578726,2.5510076396059466e-05,0.020167671713264817,0.08803726887491745,0.17200542337384106,1.1001463875310107e-05,0.03369960522063087,0.11224610456191875,0.1710186719082992,1.0402916826032799e-05,0.009317908313094148,0.031115463023821833,0.06460877403703852
23,8.391016209985187e-06,0.1116333759921635,0.26353922022286574,0.35707477782532787,2.0453362916809887e-05,0.0617552002054932,0.16857177595781778,0.2598310925140334,1.8198089668342488e-05,0.018891870249892796,0.06810280825585821,0.13219205396702433,1.3204730692854441e-05,0.16790340396976564,0.2731373007357146,0.3322843456349365,8.250207965633312e-06,0.006658030720011199,0.02554695996815493,0.055964475455985735
24,1.2974916927608371e-05,0.1242556182138637,0.2693397855164028,0.3655347330701869,1.335716732060896e-05,0.048739262711858015,0.15317575488968965,0.2571376193592705,1.5378490983187233e-05,0.015985713220576816,0.05141052231371671,0.09845781763138477,1.3601922377114289e-05,0.13167166655858498,0.18086276871263376,0.21574471960064173,1.0299943608776701e-05,0.005589208484530942,0.02112516515547914,0.04805527759581361
25,1.0169167064722915e-05,0.15777002290157843,0.4333380044024753,0.5348527276342755,2.2972702075129203e-05,0.027495586412868967,0.07679853944342298,0.14760702405489215,1.3752676505293504e-05,0.02504115185225365,0.0822612001066807,0.1598899816333506,1.4985994281472701e-05,0.23117620941261693,0.3405664076617479,0.37988382642521434,2.0610605635280473e-05,0.005190880586059201,0.0216521673129468,0.046722704563403696
26,2.182864614385462e-05,0.023179214213320167,0.10609947640415736,0.29484189421940193,7.404941058360194e-05,0.0613066328223624,0.14505204695594376,0.2954712736449547,1.5163932777274041e-05,0.024581692633244803,0.07540968507764009,0.14080712157782563,9.612972991860324e-06,0.11814007232170974,0.26126570138164346,0.3110310167958565,8.933726928584807e-06,0.007166357902496999,0.029407406019953265,0.06480999433891348
27,7.373236148065212e-05,0.03266657540777763,0.15048021014431037,0.380416878418829,1.52649591005066e-05,0.04176322849657711,0.12282890046816074,0.19310577553739042,1.4978894558322154e-05,0.11472103674577529,0.16649352535741105,0.21403374383121013,8.314023943218929e-06,0.09938349410064713,0.18859849088730676,0.2494159512539916,8.880516986426142e-06,0.014965340369193688,0.04638752648006051,0.0902247901904944
28,5.623219038289552e-06,0.22106120747056252,0.3090912255021426,0.37291179740556507,1.4119882398447415e-05,0.14610022388117236,0.25226295943282273,0.33145408028680434,1.6395980884162808e-05,0.03914722381231702,0.10528958854753274,0.17721544907380168,8.734096462520329e-06,0.3064877266706408,0.3497913820299591,0.40149417138821736,6.6826549766842134e-06,0.07087337273197598,0.11379028326149129,0.17299969531911769
29,7.797482678452513e-06,0.29792587149053423,0.42540877041713215,0.5001496915212423,5.170440387806331e-05,0.014110073765722417,0.045933586866181736,0.08871197118386275,3.489413868161676e-05,0.09212189935091918,0.1600977806301115,0.2277730544266521,7.527936081353873e-06,0.035234833689995956,0.10732031368972964,0.19183945466300795,8.638405751747947e-06,0.013890321366197122,0.04685147457137694,0.08548588875288243
30,5.614512420603012e-06,0.22849144673586186,0.303499050487089,0.37775288844093885,1.1499090564142627e-05,0.04329109869271971,0.13060926058538327,0.20685848526865375,1.2830123091594825e-05,0.09565021488416207,0.1866166508013528,0.24256743564926772,1.4148644966055155e-05,0.05435363572219465,0.10763934396903313,0.19725677764672309,1.669616102476678e-05,0.03483831292354538,0.07581287909347525,0.21996450162751321
31,7.640294292661432e-06,0.18934685211354135,0.276923901387065,0.34828192557454707,1.0405291773015653e-05,0.048770450575024576,0.12629499698417482,0.19304811498468247,1.0245420400278856e-05,0.1250490889861021,0.21594635485897468,0.2625480720914999,6.781022789369007e-06,0.027712011275022683,0.09842138920833804,0.18216147263557997,6.023512001950008e-06,0.09811339587773077,0.13287592820185856,0.18468902767352738
32,5.071362899553074e-06,0.2350993765965112,0.3169803728399723,0.37553132645740617,1.0436383907552713e-05,0.04694634917135743,0.13316984186179745,0.20464945069716323,0.0017667434725922352,0.015274957821450693,0.0617334410421386,0.1477472610857586,6.630715825087915e-06,0.03524585549326958,0.10916092241529679,0.20021425361478504,7.106709712578222e-06,0.07290206344243758,0.14503056048787252,0.20352647401770607
33,1.1939776587110889e-05,0.16718013469646922,0.35531785089436185,0.48370493417031135,1.1471226951757249e-05,0.0445921076431715,0.12478355330849182,0.20015403111092664,1.0594853910114295e-05,0.09871168516756881,0.17535419501328467,0.23236702567847312,5.387579382403689e-06,0.03554660895979331,0.13600812815116256,0.2258607977589088,7.419447003248496e-06,0.10766331707244448,0.3010908452092124,0.37752514770331885
34,6.5596504663589376e-06,0.3404841861869414,0.4436219619066006,0.5229287732206942,1.1471485884768315e-05,0.11848717346105297,0.31858970386647545,0.4498994121336639,1.3664011922910899e-05,0.15199116312105015,0.387983066269311,0.4239243968130554,5.105722343409852e-06,0.09110069971350385,0.18586826391478165,0.2773158297875769,0.0001806918545021304,0.023474681676345126,0.08425679921604268,0.19782780786971063
35,1.6795510742622956e-05,0.09175790776076667,0.2851568749327969,0.4152362066346478,1.3311552990545967e-05,0.09465956945931424,0.18948690100753107,0.26390275403203617,1.0598121025802443e-05,0.019218673182656982,0.049625170017145684,0.1019914833125139,3.580758071448122e-05,0.017558537627175408,0.0707420032025922,0.13354094786450132,7.60791172883375e-06,0.1592753577468607,0.4050783186837796,0.446453654768591
36,5.735089730538718e-06,0.25021764484689535,0.34420474427630954,0.41641279015710675,8.93199689795204e-06,0.0920960608879189,0.20230851121893628,0.26698713644363625,8.342509835451355e-06,0.09721237886296687,0.21530276801493967,0.2708906570645412,0.0007836223187161402,0.11126041491955052,0.43502911396871846,0.9545822547402101,6.24738375885394e-06,0.12948837453090645,0.2128405184017927,0.2844784445633654
37,1.3901466571635546e-05,0.194956679152386,0.40350260775225893,0.5728226730216566,1.6618961775522145e-05,0.27580689778547607,0.45925833642731423,0.5260345737195897,8.510904076332144e-06,0.06651672399201095,0.17033938575772525,0.22311759631628345,4.3081675142360725e-06,0.043576524419506775,0.11706230483704211,0.2028470545197957,6.7330946872443926e-06,0.136322786321449,0.3026802808706406,0.3791156582987036
38,4.3007207207032296e-06,0.15564652759456432,0.24761108846590624,0.3106980096834377,8.152046734924742e-06,0.04250682472171755,0.16191151081628374,0.2628387489940488,8.873704070439323e-06,0.17552093174895422,0.3380994142845837,0.3910516715015377,4.894366208263374e-06,0.026979222299248543,0.1124413837502771,0.18875523538595704,9.105924331424788e-06,0.07123316625623563,0.20599964139160143,0.27736530429305983
39,9.270810740200405e-06,0.1879003103283845,0.29996736040433164,0.42522656220398586,1.0019093040344101e-05,0.047258434990232814,0.14490887826131096,0.24750491612611397,1.052133302521633e-05,0.226131601577257,0.39671038283453414,0.4468904418592231,4.277591584494248e-05,0.021696040061536824,0.07003499229839183,0.13828799844338097,1.0196810395707255e-05,0.13308541837483276,0.3991509778013207,0.4760080082696396
40,7.665882886807146e-06,0.21261243416740291,0.31169167651204105,0.40556616349350616,6.492358274710191e-06,0.08151086258291614,0.17662008572156032,0.2619572707026786,1.1786617351099471e-05,0.2387312531939916,0.4832173680336123,0.5210467123824508,5.276226529560072e-06,0.2908687978143816,0.3598612817574593,0.44031705864193965,6.707075858815756e-06,0.2015539417874497,0.2992975653324195,0.3837763768658793
41,3.468193681494671e-05,0.1980263198919198,0.4187697393622567,0.5552929921936467,1.99574811389356e-05,0.24359189800184633,0.38278155176789447,0.43404722858319184,1.0122002890930062e-05,0.2563536319069736,0.5228334430486509,0.5647208004305079,8.399546825559636e-06,0.07680490988503037,0.22417771944896575,0.3449221196406291,5.423118012586083e-06,0.22978498112265633,0.29058537919038296,0.3495984183519914
42,3.5684407721276962e-06,0.14272119949795525,0.24653255153776538,0.3099784305572817,7.6244941166095315e-06,0.046358143435283626,0.12653991344315732,0.21799985031099664,7.395283897750997e-06,0.03811599782924773,0.11380722583103423,0.1715070361157019,1.3683791351507551e-05,0.16144714772098412,0.30852212197729706,0.40103976235907596,5.75542985875448e-05,0.0855376295455541,0.2657908123231419,0.4750138887088701
43,3.617441166077415e-06,0.2059028549874691,0.3281182994315072,0.3946379234285991,1.3607334677521692e-05,0.23359414474652096,0.39529724711211983,0.506469558377339,5.528973913693573e-06,0.07452124188047596,0.16365043274950986,0.23249219601993673,4.414158865974605e-06,0.1797088144751735,0.2827842188764279,0.38358263824028066,1.2989928131430342e-05,0.2761043784782765,0.46420522712543594,0.5540382047429897
44,3.4798346116544384e-06,0.10954843633369102,0.19835527901988467,0.2915187932066988,1.0884086424578166e-05,0.3117116845804677,0.46901550666034736,0.554704523331776,1.0828750625261197e-05,0.29436069614528054,0.5417223937435163,0.5781889007353477,3.495631839649811e-05,0.23159359469187438,0.3388189682404033,0.4258039969099492,5.071663707783685e-06,0.13102089021989358,0.22807327011566433,0.29856437604583863
45,6.180190589206951e-06,0.26196144522317477,0.49473028190979357,0.5891723541257443,8.338942136550218e-06,0.053574918261317606,0.19317349445191154,0.3334123444554717,1.0555528087281101e-05,0.3189033721531178,0.5814875361187598,0.6158735054003879,5.5185954863622615e-06,0.3558120757532314,0.4395206077704937,0.5071948058553619,1.766124708377213e-05,0.13020705185743123,0.37052855367027704,0.636063378121088
46,3.3078135158999956e-05,0.10111435337914305,0.31463034512521143,0.4464130608205314,8.356964719554781e-06,0.06049822570272647,0.18079905338429686,0.2847929475447346,8.76187218231855e-06,0.24011308057440653,0.42967011252233606,0.47498290309511415,4.7864282522785544e-06,0.26191364103217196,0.34713284960587154,0.42952733286261013,4.61815373473913e-06,0.1547118552025182,0.20521241305094168,0.2586395499496617
47,3.307951693756293e-06,0.19193960395449308,0.2749924451258705,0.36037773869358886,1.6107138159315328e-05,0.10143694199610198,0.24272816455594473,0.2920727809583843,1.2159563246259557e-05,0.31891123570938706,0.6123141351369035,0.6632220404101024,3.89710956530483e-06,0.15888392874617113,0.2593234715835259,0.36466287795509755,4.2490482788058226e-06,0.27487839583176726,0.33620914030932625,0.4009164800382406
48,3.1511957333653173e-06,0.3117821535833585,0.3834493203394013,0.46147552978565193,2.76780158033461e-05,0.056316714602215844,0.1911790246027895,0.31362713205368575,1.2889339836900321e-05,0.2075680377433596,0.4181692386456105,0.47091653785836135,5.748089025014127e-06,0.501104397777573,0.555483943111884,0.6096393057971424,8.917371365375042e-06,0.2136993723901838,0.431480856220637,0.48764576499690165
49,6.002703885105483e-06,0.239866686258376,0.3215144705837514,0.4092830943767653,1.1676052141793541e-05,0.3364482629371196,0.5245001456905848,0.6122708921094371,7.495073719317557e-06,0.18755594984270418,0.34617328516062684,0.393010848999795,2.703381468847602e-05,0.44767335758047655,0.6603395132302717,0.8851797476303568,9.475498500504623e-06,0.17402052257267034,0.5846534346897988,0.6636255967022223
50,3.0146684583540084e-06,0.14634128548176212,0.25774488718483063,0.3584855366157837,8.886003749524186e-06,0.1808623819083653,0.3679493094338698,0.4556895063501377,7.106310918704169e-06,0.20907851214785447,0.39976170041988773,0.46561893427610457,8.040753022515212e-06,0.26883359222117514,0.4132095419440645,0.515489174302668,5.352582214597802e-06,0.2790608975233288,0.3278231816868801,0.4055039559376601
51,5.116055493513458e-06,0.2669198807379847,0.4497523076332181,0.5509598710616729,6.3793063967313435e-06,0.09794903585727549,0.24969967422255224,0.3275387868952062,8.642142308386918e-06,0.2253277605775214,0.49643391348043114,0.5409290525229756,4.582855581950192e-06,0.35248042260126267,0.41356195074295365,0.490693397007766,5.728135997410536e-06,0.19056193574014293,0.23309855058847448,0.3027143616874958
52,3.837679574131714e-06,0.17308824878073809,0.42994970377032077,0.5433914570265408,1.8911602442686194e-05,0.14381582540669086,0.4389059269487097,0.598105520772451,1.3923733339691974e-05,0.2752449060901717,0.5621895193947182,0.6354337244357608,2.796623257287069e-06,0.08575501999065813,0.1866102992168209,0.29178672146368023,4.137047394591544e-06,0.11194764936220057,0.22296368555118645,0.2847352900816546
53,1.381897860272452e-05,0.14975517210435713,0.45973538137763803,0.6142563060521294,4.6135362627505334e-06,0.03429908151276771,0.11389466769515928,0.19457027246310016,1.2322344606836907e-05,0.19730115074433022,0.5414102473662018,0.5861333175284624,5.983755774638766e-06,0.1946278954243315,0.3949118592470734,0.4503777057399336,4.203506967224582e-06,0.23162044972075202,0.32042887186849367,0.38758045045017936
54,6.668906893404361e-06,0.2069411010436168,0.4088200426480488,0.5216643819544488,4.5604288865042814e-06,0.02994331449938674,0.09707228159673165,0.17151826226355243,9.675359285853725e-06,0.3004106680003753,0.6176576104190371,0.6680673713963258,5.613705335473376e-06,0.35883168666748455,0.4432859607982181,0.5504793283730691,4.1808352005359834e-06,0.20698235649731614,0.2712890053869421,0.3426670203057102
55,3.807374638585214e-06,0.3113236341907592,0.49212207255738444,0.5735033926598063,8.022591506169493e-06,0.1095883510165245,0.21022527379356626,0.29520622354541726,4.371888208049448e-06,0.034188472771196576,0.08262918949881232,0.14038817585263366,3.5243301855257216e-06,0.2706009617841662,0.3434301278109249,0.4447142031847348,5.78868103999072e-06,0.14541349666413972,0.31915632167733254,0.41944189520058217
56,4.517572991811653e-06,0.27786354165700666,0.337865422943471,0.4182181114473921,4.117717035858876e-06,0.025595269519160583,0.09729693477255623,0.17910645326225944,8.782779338974274e-06,0.14679482918535916,0.41321591163511884,0.591291252739273,1.0548233813978048e-05,0.06260723565117449,0.13196922403177067,0.24232243299370992,1.0463558953249286e-05,0.35804586881860195,0.5205737504874545,0.5754468037335334
57,1.5391888083761372e-05,0.13064986981897908,0.32344706402285356,0.4966652998792619,5.811598259054455e-06,0.23518784644699697,0.3555677290960436,0.43917270465129354,5.881232805768862e-06,0.19452323842893168,0.3659896611163697,0.42759911421316993,3.885966480261491e-06,0.37068310754451406,0.4416544378091744,0.5191507791660197,1.125134275163841e-05,0.13956810058494387,0.3127382956010284,0.35901457284721433
58,4.091108960369925e-06,0.4163635093849753,0.5078603018012913,0.5937255705920195,8.507735000823095e-06,0.0377144870389991,0.11280774108216107,0.22719644342484271,7.409339666430576e-06,0.25361324372223426,0.5182592885061039,0.5991912193425998,4.780486054973054e-05,0.03990743745698643,0.1879512029117431,0.3785018991256168,4.523389320313741e-06,0.22427756211396654,0.41312280463290646,0.478722971583167
59,2.5146497667675576e-05,0.15496270488845781,0.4949041534149367,0.8020226888870199,9.603986012996001e-06,0.08913285423078932,0.19855519150130088,0.24973392469444966,9.055545494813356e-06,0.31851445852355853,0.6044980440713545,0.6965318404782104,3.5828429329980565e-06,0.03321171906954164,0.12141372914911087,0.25160230126027294,4.792072647776477e-06,0.16503978626884744,0.2222581727293915,0.27737803654610016
60,7.496718940568624e-06,0.605858217020857,0.7417524397891059,0.782624599607897,9.091569408832842e-06,0.14667340640935142,0.4784574551663821,0.5580933064657789,1.963942735266961e-05,0.25593475075645955,0.673462868355148,0.8095940011589362,3.98911474364264e-06,0.2880898285815745,0.35766942799887647,0.46141829216013996,4.372651720657537e-06,0.32236178351539807,0.45124741595559087,0.517455499993282
61,6.6276019582379845e-06,0.2561636766260201,0.4520444256846853,0.5257279907075896,4.156876180425183e-06,0.16165798749741106,0.2538186642176029,0.32879432988866364,1.1989845164906937e-05,0.20651871598136412,0.4921141091254126,0.584693422307206,7.016766659784833e-06,0.06104578398821525,0.1787401198563362,0.3289882673120846,3.4660503713740356e-06,0.289191082403153,0.348443179581971,0.39623034831433207
62,3.0387611937412082e-06,0.3408326012702584,0.5250177283802405,0.57334749588719,3.905648501950476e-06,0.09381272909378557,0.20443846638632093,0.28511278007871277,3.8036940901724043e-06,0.06754908834263589,0.1865231863306738,0.2538960424468936,5.649386802305247e-06,0.0864703260536343,0.24542908514843179,0.41660406239219094,8.041654935591643e-06,0.2494319607968885,0.4976031409217774,0.5641302834090788
63,9.5697035073697e-06,0.36507912473062676,0.663826019880139,0.7255788646851054,4.0839140950268696e-06,0.055884420731203276,0.1884549890762715,0.3017206087503767,1.1477136577091296e-05,0.1305043326445286,0.49221097415808895,0.6402233549482944,4.8198947959150345e-06,0.18894695841334902,0.4221915850775549,0.5642830422123802,7.4178322881748595e-06,0.4042162138401878,0.60872911812941,0.6501028387299801
64,2.073045937585573e-06,0.15097593177891033,0.2524428082486873,0.38476106392274073,5.857992338675598e-06,0.17381042807470737,0.312846057708432,0.3970597173452003,4.659568869200811e-06,0.03229601116181045,0.10031945050311937,0.17010688382451628,2.7567610090803253e-06,0.05401253314676778,0.19858640263946878,0.39759741908794016,4.141608462533926e-06,0.13496560904992197,0.3327212102306419,0.40047600514237963
65,3.6990867698069904e-06,0.19816637107047233,0.4007669984650716,0.4768538875585015,3.691546712779682e-06,0.07681725021398336,0.20543879539421625,0.3128402937780117,7.455766314790655e-06,0.2729267173312539,0.5276149211501244,0.6567542297552217,3.246854816550275e-06,0.11313147379380724,0.19626944670844346,0.30125869892257057,6.706316372171162e-06,0.09978805329638962,0.3264338421659273,0.48561253104404045
66,0.00010196769068439258,0.776994039386567,0.9781677364179016,0.9850220288113515,6.063452266608385e-06,0.374278297036703,0.48176488345163393,0.5626257075764465,9.98977083648788e-06,0.08850467217818914,0.33286956025864806,0.4799533131315715,4.72265668133188e-06,0.05732259886749412,0.16717225430432162,0.3539613597000795,1.1630444196819166e-05,0.21426905452294598,0.48308567285842335,0.5915554375814822
67,9.44724336971647e-06,0.43143213575527556,0.7467373017620806,0.7993374338249748,2.7141005606396708e-05,0.04373484386450694,0.15215202072942147,0.24078540921150865,8.36932124628853e-06,0.13680956301548752,0.44686997145880547,0.6194406298064525,6.602879597348191e-06,0.09262955234303831,0.3503854044687211,0.5575708275342259,8.771240662167178e-06,0.3495569464389888,0.6080249265751483,0.678718903058174
68,5.84755656588921e-06,0.2463664219402596,0.5978460078147536,0.6644210261495456,4.192650310026609e-06,0.11381659283225044,0.22657887254300396,0.34965609465888775,6.913746140031608e-06,0.1145501337877683,0.410025385068106,0.5282192520754887,1.8546104594541229e-06,0.07446759348109323,0.16868322434919678,0.329329483530603,4.250928783182389e-06,0.31491149926056944,0.5047281051738698,0.5694298816043535
69,7.409919825827529e-05,0.16015112573029922,0.34071709112421295,0.5510073745994735,4.338298267706285e-06,0.03407664202143126,0.12597730927884493,0.21718010908502378,3.5614511004355615e-06,0.051084331214049886,0.1137080162970726,0.16722662828161755,3.1805050041525034e-06,0.05033124543587471,0.1707728688168459,0.32357384260082794,9.643820123028194e-06,0.15620939922935181,0.3395956984060592,0.4227115162470717
70,3.1992624554822145e-06,0.10302651541048982,0.3258208825777941,0.42325588744297227,5.244161379606912e-06,0.18848728413470886,0.3130136072699579,0.4161198504639728,3.416249817186781e-06,0.09675077550626268,0.21364732621103022,0.3074356564904148,4.0722886940126934e-06,0.09762871887006913,0.19620428811825896,0.3227606652786757,6.263528711984665e-06,0.37082699655259116,0.6400676838755294,0.6834136451082308
71,7.37979098222251e-06,0.205671915431794,0.525890241678155,0.6490847860097979,1.05462130286493e-05,0.1400703219482307,0.2479801150780725,0.3270933371865242,4.819495839609324e-06,0.10661967902511935,0.20536010170312535,0.27810370645714283,3.0118045909726645e-06,0.24611495561538196,0.3827102611389333,0.5060652222064046,4.634196789795747e-06,0.3184499811253499,0.4517116059454202,0.511772791515311
72,3.305306229384416e-05,0.8215540463718922,0.9403276710019226,0.9579427739415649,6.303319429101872e-06,0.3168333984906902,0.47491372979263524,0.5569173934312248,3.4308489750710615e-06,0.11576740002985625,0.20208787950707874,0.26098139125479564,6.0117336723229564e-06,0.11001668620738699,0.27952563591101176,0.42869306951611014,6.891796060295749e-06,0.325407836351625,0.48646455894214224,0.5659740445004956
73,5.213316745184022e-06,0.22510235432709402,0.30408693754943883,0.3861547200908298,8.256746691297963e-06,0.03993351577723903,0.1222348714544295,0.21949474024005,1.1890214686471474e-05,0.12173449039088827,0.4648692931126707,0.6483204476305524,3.611902194744801e-06,0.16817525191617114,0.360270726695661,0.5058294456845116,7.456186573091381e-06,0.30764576813167327,0.616790208256633,0.6707527334072452
74,3.5984833812935254e-06,0.2522451973545716,0.5545161865476267,0.6094182837394803,2.4471891570830283e-05,0.29941157176667205,0.5201905976444328,0.6996639467833355,3.630512033735091e-06,0.05696586630069356,0.15772853335186818,0.23319940509147835,8.029659083341913e-06,0.05377688971995454,0.21267646459102757,0.3652160910335322,4.405078136217633e-06,0.3991317696321344,0.5177998868331367,0.5700967200330658
75,1.5320470950678597e-05,0.30046832911012095,0.4290335888085752,0.6039858878062229,5.317378344891653e-06,0.2680429978267739,0.44680070912016084,0.5499771112378645,4.058820706079187e-05,0.13243060054199993,0.5137345804996086,0.8657520928015229,2.857872039876097e-06,0.1609451461108769,0.31191849399446947,0.47125580649506393,8.72860578990231e-06,0.42934222425949037,0.7447147968643398,0.771311020428786
76,5.033184806581867e-06,0.30209480596437976,0.3744180698982839,0.4413491180451445,3.6087057506063877e-06,0.060819424746451065,0.18210509272560482,0.31851731713695886,8.414369213006098e-06,0.10648314324522445,0.38044604119331576,0.5798492024271906,1.835097669040594e-05,0.19700066319389983,0.6544814543199209,0.9156931884032458,6.169096114580313e-06,0.31238946914080784,0.6734730736427813,0.7128759275868066
77,7.558271242968581e-06,0.33552825476546605,0.5971438976174425,0.6501435464173512,4.545644804045298e-06,0.22977292345873349,0.35809642228905264,0.45509483241065085,7.690413338300235e-06,0.1570361414055059,0.289645184650937,0.4295013854314767,3.1741948538541924e-06,0.09244986556546239,0.32079771358179965,0.5325377315138217,5.254864475259004e-06,0.4269519102896466,0.4711431904478916,0.5194519686272285
78,6.06098551071553e-06,0.330091911086744,0.4216806415491084,0.5403248328013632,8.591674352531292e-06,0.2336723846306527,0.4428923040562502,0.5443612386199516,3.8145960333283208e-06,0.05822246428505005,0.21528219532192633,0.3025492467462599,4.771743056370535e-06,0.07913518336941915,0.2231637127781855,0.35691308382666637,2.5139046281861083e-05,0.125954655195584,0.31572799918911193,0.5460632849819559
79,1.540115643557981e-05,0.30205574172201594,0.6495027888677252,0.8543048403468155,6.071864017398908e-06,0.11669777374395326,0.32557953484731134,0.4441906590668936,1.6486625521887567e-05,0.1576079461172148,0.45249643213342033,0.6366752806390044,2.4219859782050794e-06,0.10092034560391183,0.22766309452816821,0.36119050818070014,5.363784428629199e-06,0.4487246678338335,0.5145348554872733,0.585838636318853
80,2.1516985368419193e-06,0.32138236429698014,0.4093912502197347,0.4715317458248312,4.113902071128519e-06,0.19894369443741391,0.41396761970443235,0.5271664252112539,3.8684119030166025e-06,0.11629145885765084,0.20290624918287692,0.3023358365790377,1.9220644851341642e-05,0.5739407083379561,0.7073321324116614,0.8663290539641741,1.1014048227590568e-05,0.47306026296044407,0.703578051785782,0.7773059206539201
81,3.8147418034517254e-06,0.1654748934650338,0.5039253356099052,0.6053109535612233,7.6221834607226896e-06,0.41373048183433475,0.5534681645057942,0.6256468416153009,2.9980240052634942e-06,0.0646798522998126,0.1382134920866385,0.22338751364705256,2.1338882321655984e-06,0.04314464953961864,0.15351638979024157,0.31592278880315355,4.754733145807843e-06,0.4180399592857928,0.480841205620302,0.533994341496274
82,9.927165975933112e-05,0.7862368422869794,0.9778387020862422,0.9851655251087108,5.463701220163615e-06,0.15604827809315708,0.3095726650400559,0.4281382226042922,4.543433097348714e-06,0.09960470790975998,0.23991100579164037,0.3145499309718959,2.3571064897657667e-05,0.0761050339859938,0.3025312843556515,0.5475395204256507,5.188543382520394e-06,0.4579550595381387,0.5920396204997995,0.6600831182125824
83,0.0005383269862058658,0.182025529406564,0.5640128156641351,0.9600717005378236,5.361201401070817e-06,0.1940103476497899,0.48369403472630185,0.5732840512238104,2.6967638658262305e-06,0.04761131101595116,0.14208959769698198,0.232818520634544,2.5255048683667446e-06,0.12931881708123288,0.28927319186404127,0.4518551184249898,7.048357992251693e-06,0.34033238416805794,0.7034308126094203,0.7664698060474184
84,2.447125816723874e-06,0.10429107985615008,0.3099005244125033,0.4268479204054625,0.0003765803394668414,0.17304215064517153,0.6034556132252539,0.9851894712417467,2.552202252009039e-06,0.052953056482814516,0.1500732350205821,0.24064852050085242,4.625367244066346e-05,0.09704579359187496,0.3187726294315005,0.6064701580566376,6.165295983115572e-06,0.37150533550681764,0.5909571786966853,0.6422348200220107
85,4.21016685712872e-06,0.403091645890696,0.5894569129978608,0.6399196247609297,4.599492871214141e-06,0.3538673328262555,0.4477120583939735,0.5404116405489388,2.6565920454646958e-06,0.11729709626413375,0.23545995311698223,0.32381444005829746,2.217927380634229e-05,0.10979974611618883,0.4277505693476775,0.8299194769427811,3.7853959343037673e-06,0.43906885775181964,0.5294420295464628,0.5885797273555872
86,3.934283163199138e-06,0.5592339456678379,0.6445388583054001,0.7109588941242968,2.963395810254455e-06,0.06378472358844865,0.1695072620471597,0.28021200785401584,4.6787036799123545e-06,0.11845931720862068,0.20877094522689713,0.27995536510162855,5.865380913956032e-06,0.2704213846584482,0.5055989689838919,0.7364692929361548,6.10853713250326e-06,0.3327750808731324,0.508463580708476,0.5752546106058474
87,4.536942063312158e-05,0.09401202627042289,0.20274259393414573,0.31942326191072146,1.1673870942076307e-05,0.05081425369002278,0.14596295850880775,0.30352427842961094,3.0216160087218733e-06,0.06737915469234926,0.16920032446211783,0.2755807042017917,1.7047228418144972e-05,0.16726218232475143,0.6177066431833178,0.8969260600551093,4.44668228213497e-06,0.4645618622652251,0.528932150768534,0.5917119441385106
88,3.545880587752641e-06,0.37251408534564934,0.6493217979916133,0.7193425443467091,6.856305960098675e-06,0.30761292108384036,0.5572938672904236,0.6288437515940353,7.326404753680503e-06,0.06325666401371244,0.20162947065625478,0.3401884753930641,3.060031728366943e-06,0.09264266051589269,0.20792730769748116,0.35119655461046057,4.7585895464138565e-06,0.2576187003853163,0.4289888441385349,0.48913374535175835
89,4.572769332302541e-06,0.44683122024230315,0.6248724789918636,0.6952482109095564,2.8743429417050186e-05,0.32894234390929816,0.7274004362987189,0.8709933613374599,2.5586123669269786e-06,0.03702325089090112,0.1271757921836665,0.20928680979873832,4.6945079675395645e-06,0.06782305966074986,0.24176981500345257,0.4672285972316164,4.539412422975208e-06,0.5592495986289846,0.6171773331697785,0.6681606957549546
90,5.617726602863641e-06,0.4383236520791973,0.715559771794611,0.7829794554390667,8.378422646420154e-06,0.3070097688420434,0.44256225840826746,0.536564769677415,5.635919113239283e-06,0.16016053254191895,0.3362363338986087,0.424212895603979,3.420618693775799e-05,0.26272592044013354,0.4594276484300659,0.6749410125099148,8.964373936025234e-06,0.29529744069904657,0.6126205142004342,0.6563382805702523
91,4.270220067616336e-06,0.29143885514157314,0.5882924840751073,0.6590588768039007,5.3251147162382875e-05,0.14419029731536614,0.33843071887725085,0.4789781653945395,3.0800920033892953e-06,0.07306269087426456,0.19954611922304322,0.2959252416585283,4.278885584560565e-06,0.4646715786457406,0.5796434404926568,0.7193879812677213,5.500222288707716e-06,0.47923845019010963,0.5642628530642291,0.628316822256311
92,3.784717839821871e-06,0.2725089810920841,0.5242918591056759,0.6154401191134811,5.146314343279093e-06,0.35487257985301185,0.5408960494843312,0.6269205392591194,3.5189724215162783e-06,0.14490032597466637,0.37802365844622354,0.4728834512224513,2.1736751977378506e-06,0.12669073064069403,0.2736721633342891,0.43779862581378404,7.753048317994352e-06,0.33764450472348456,0.6649825842153868,0.6980876704277164
93,3.1192918247996456e-06,0.2510441402702356,0.6020408496410973,0.6822389916268183,5.03036394568791e-06,0.20039318368280484,0.47239888407939234,0.5897707552325192,2.6956400073488772e-06,0.046272258853277765,0.17233384748918237,0.2797196393962961,1.5165491224503404e-06,0.04818834397257736,0.14050149523143599,0.2900439120856355,5.489732826067566e-06,0.37648691066050194,0.6344100087228273,0.6855285743436959
94,3.87551187156536e-06,0.2701874724142732,0.5012385825424671,0.6085956475725012,4.2292603037171235e-06,0.12714950460367513,0.3406111708059665,0.45283749329411865,2.7183635364453788e-06,0.06539136828677783,0.12966490031536826,0.2025078209517254,2.3366590235716372e-06,0.04033501438931301,0.11949958372016432,0.21879224976188258,4.368637697971378e-06,0.5344963468115254,0.5967471352939754,0.6451674481707254
95,1.80002495148343e-06,0.05530203113515063,0.1944643881513643,0.32187569147828243,4.514671598492548e-06,0.18005782868726408,0.2777929798739717,0.37668032730379153,5.714525973345961e-06,0.21510365075215043,0.33412897738706115,0.4590486221736306,9.699348198332766e-06,0.14876687016148385,0.5303231395756394,0.858461190615925,5.599237916766911e-06,0.3573798986478948,0.49215661587317316,0.5345401967849581
96,1.4796120214202563e-06,0.053241841433194916,0.16874305648796498,0.3377858840749577,4.879259310626645e-06,0.3298949710299565,0.4941702431702303,0.6122836616703874,7.3536815866122925e-06,0.038171295668222964,0.13159399833954824,0.241150136562051,2.600505601047748e-06,0.10877240951384204,0.224743341266434,0.37213480535291765,1.194559487787465e-05,0.5260915529145543,0.8506528230398289,0.8749393426654826
97,1.5916596676174142e-06,0.05176443544190166,0.13962262329919556,0.23184329167602288,4.3977657080313396e-06,0.1410239027045163,0.3584398077205425,0.46981398928228274,5.529449733434847e-06,0.09647898244164332,0.300682032433647,0.48920095133936725,1.8904370561240822e-06,0.06924805969051008,0.19703477206530756,0.37855396261223645,1.012879291065684e-05,0.3612689758090402,0.8494174641914997,0.8765276290113291
98,1.8532104490163272e-06,0.08891469335313693,0.20620391598920668,0.31822018739191205,4.367261277062984e-06,0.18084024862086304,0.41962553162483074,0.547436524357823,3.604511867147827e-06,0.10106265195099923,0.1905025003609528,0.27910685238994243,5.8860024063947655e-05,0.13103333047653226,0.3951388963301691,0.705365299935011,4.767887313028761e-06,0.39677448541334653,0.6281827687623869,0.6867263038262557
99,2.346532254406144e-06,0.25447409849961483,0.350157798425249,0.4666901796529299,2.8455786547499966e-06,0.18732256095769423,0.27180704821998575,0.38389914885718857,5.487478685558228e-06,0.20138523959621793,0.39205015014224975,0.4980764681825486,1.1173851265304483e-05,0.07398498365549491,0.3050906113213341,0.58732852788357,4.5917041401003435e-06,0.34449587491887323,0.5225822226810398,0.590996725921134
100,6.050385713602929e-06,0.1832710985023605,0.6483476509147028,0.8136608405017625,2.9977997283744442e-06,0.3122801062402302,0.4088952661892883,0.5276942546323319,3.150045335236462e-06,0.035305280661307566,0.14701627023782932,0.258791287742314,2.4672362861230302e-06,0.0589084184893521,0.24414443422820079,0.43160330900215715,4.636269142501752e-06,0.31445665044742005,0.5167316690274437,0.568768571979058
101,1.5474384584582221e-06,0.2219114410374055,0.3535129983857862,0.47044719399021134,3.3928421749148606e-06,0.20957555650661783,0.3176547037895681,0.44670548235103136,6.828377625671533e-06,0.16201955642732752,0.3270124759173577,0.4329572029814608,2.762159520029887e-05,0.17748286451399264,0.6238341275138168,0.9440353831189495,4.059852043636053e-06,0.38009253029202633,0.49241634915576904,0.5637616592589783
102,1.8302257207916895e-06,0.05022639556197607,0.17868295017185978,0.3221201211112815,7.514868596171987e-06,0.23703863864121985,0.556471576619867,0.6721321362610182,3.527133053337187e-06,0.09985406222643757,0.22683703146979073,0.3268594148935593,1.8561436791414878e-06,0.16817367985354056,0.2968421943195585,0.4534200286887453,6.3972804479557586e-06,0.3358529141613244,0.5824630658600607,0.647132971505521
103,1.7077480045613404e-06,0.18805456650016308,0.30100663817759776,0.4193796908569454,9.536677946743843e-06,0.19801881417938302,0.39165122576359274,0.5717560441236087,2.725765612549877e-06,0.06767860278264357,0.1907981286910746,0.317221013641651,2.437378395917589e-06,0.15438105534843663,0.3332451655123807,0.4867311393980663,1.0409629462313055e-05,0.37890290673538474,0.6996279748143498,0.7455768410839103
104,1.6341810078022573e-06,0.19435112098980586,0.3036395622050077,0.3883329558010018,7.74970713458905e-06,0.16409147906706328,0.3824612582687892,0.542944988501965,3.124691693368942e-06,0.02553342939369935,0.0896019937632067,0.15928898842661504,3.506603032271328e-06,0.11594440777005821,0.24163970933184195,0.3961013740832173,5.439564420331018e-06,0.38914000279787075,0.5885479733076727,0.6638989147957653
105,3.275100757276751e-05,0.35316271818184053,0.7662998044461135,0.9350104787007839,7.0201914212338855e-06,0.1256815544456074,0.19651713699053733,0.30296502458805924,3.6817175603776738e-06,0.03753360873126088,0.12978846046888928,0.2580034071513494,2.515104046410907e-06,0.27724200831284157,0.48872187082885016,0.6327263326681283,5.281166576033418e-06,0.3760128316935572,0.720549056509409,0.7675081890264097
106,2.6725004923260348e-06,0.267860546343821,0.371639563530814,0.4723249101602226,4.445749174917764e-06,0.027868861345542534,0.1107641125466918,0.19457228497330686,2.542289405016491e-06,0.03619119422720113,0.14598348780446802,0.2615235967373584,2.9496442772725355e-06,0.10508930913526834,0.3139003735314336,0.5676185761821195,4.194653030779129e-06,0.4345680703357427,0.5865318579271914,0.6521263910470881
107,3.3065718673479738e-06,0.15578060092061718,0.5115975686269333,0.6291942307165947,2.725375967560257e-06,0.23375986600858917,0.34075568972482156,0.45043449054318824,3.1080634582056775e-06,0.12433070438814271,0.2130726404561173,0.314729987943828,7.658085242561604e-06,0.14909873378502836,0.4922288322140834,0.8379820633701608,3.6290530657567405e-06,0.557628947838753,0.6348008650746764,0.6767003314056661
108,3.48602759897502e-06,0.10154091476607245,0.28973950832528267,0.45606794593504163,0.004069079760418095,0.08313156826415229,0.3491959669388597,0.908353426204838,3.2043634468734773e-06,0.1286818714824419,0.27116288962363805,0.3808422334193153,1.3548896267772648e-05,0.6911574710292189,0.7720998398274295,0.837365917055691,4.927234568939981e-06,0.30549523585804345,0.5018396774243229,0.560727360130254
109,2.0885815927898713e-06,0.24372140464073555,0.3720230981937225,0.5039081666080057,7.654736918795969e-06,0.41564532565658346,0.6364543886489118,0.7049955433650401,3.7395946462602623e-06,0.14160831827441234,0.2558521529104445,0.3549118471319064,3.0963294542909052e-06,0.1727963205870025,0.469811152587234,0.7139653359205628,5.423694894345346e-06,0.460368234275215,0.5565518398833454,0.6075922459189688
110,1.8216151042658095e-06,0.2358250118435129,0.35689971375870283,0.4660775551363495,8.136081489980013e-06,0.18902134050197447,0.4043528166865992,0.5201895752043928,6.300352579342723e-06,0.05697754143045034,0.16764145971300046,0.27179848304772974,1.537143046426949e-05,0.07636031386162266,0.3076382974914072,0.6142103212919131,6.85929443772661e-06,0.33334874745439186,0.6635916390126138,0.7197999381259166
111,1.9862980265667177e-06,0.15428290722874513,0.2998587689128421,0.4155537408922015,3.3975202455786918e-06,0.2653811820640342,0.5402384945195108,0.6303208283851774,2.9073760849954814e-06,0.02749605102038206,0.10505400398742896,0.19101335228012842,2.0920953285640217e-06,0.09490568198411523,0.2933912979428063,0.4621637652453957,4.090260408164166e-06,0.3418926929717298,0.561422033182499,0.6337869478422471
112,3.17751157802454e-06,0.19431790338219676,0.44612702083489186,0.5372673442173302,4.817767086792044e-06,0.32480306953818866,0.5069965875705791,0.6272009489878698,2.155769949495168e-06,0.03521284415911225,0.15506840341633454,0.28193193360556323,1.956817576181974e-06,0.0882963238633697,0.28135011804780313,0.4991753592570398,4.282041892848639e-06,0.5065358993479939,0.6150516675533183,0.6838692050532327
113,1.3674159170140085e-06,0.2620526267439376,0.3716015034613594,0.46098676489547297,2.8593106868572332e-06,0.19754286755004166,0.31595782314053916,0.4323226846513244,2.2449262552364263e-06,0.038883484712602376,0.14442995200479833,0.26014844369587614,7.69402645234879e-06,0.39474543999569417,0.6558770710142225,0.8212790373090159,4.3725043394768624e-06,0.40669489539096654,0.49460969642944413,0.560446267875225
114,2.476781359801663e-06,0.2621356179505985,0.36512273445189086,0.4744811363669624,5.303551860666888e-06,0.4610458995005619,0.6120180314892765,0.7040286907679616,5.944021604608056e-06,0.05888415216885985,0.1559778501098934,0.24371630787087986,9.285902004842401e-05,0.12209321785577827,0.37062821600498197,0.7447452193968529,4.378772581438689e-06,0.3977501499858155,0.6079989884534964,0.6559676480328512
115,1.9059130515893304e-06,0.15315503607986994,0.32318333464450216,0.46697023999656145,1.3181274493491484e-05,0.1436240224832522,0.37891779000751175,0.4951787940512806,3.254296825531005e-06,0.024997315247072206,0.11306906848261751,0.23101001871703802,2.163190958248136e-06,0.07836371475060695,0.32490559185753115,0.5128941267108933,7.0779403527550234e-06,0.4790731150997782,0.7540749808790024,0.793415508397431
116,4.504174781819633e-05,0.4367627093083622,0.8220704347766546,0.9597362091644874,4.578070593152507e-06,0.24669005409603675,0.31706319949644984,0.40758916088249963,4.708800097913639e-05,0.16550227250559435,0.3857257865086445,0.5456948236833924,1.0389697747831181e-05,0.07127272218838317,0.2351776392470216,0.38541048753592144,6.712549579427529e-06,0.3044860351949767,0.6518152540508937,0.7080318036871863
117,2.5623136427705613e-06,0.21506684759775233,0.3768160539688903,0.5057753959593356,1.1704035652491322e-05,0.6447070461313217,0.7875084760614345,0.8237976563408793,1.4269402288408062e-05,0.24304286261601146,0.6296748211349761,0.7369656724141557,2.5549617442356008e-06,0.34828934463474637,0.4821671434372876,0.6347363504626553,4.509663327248416e-06,0.5334821382818388,0.5970142613407237,0.6376291906146361
118,1.5013755071392396e-06,0.0725537643116299,0.20504208712520405,0.33590611286379635,1.3886963402603577e-05,0.3884415701613872,0.6465184139593849,0.749701330893523,2.142818129268887e-06,0.03604015628541068,0.12290776680133296,0.21708871535759233,2.5449647211386004e-06,0.38525006047736987,0.5254458457005555,0.641481021686136,3.7581264335350336e-06,0.565471690821035,0.6430020803250626,0.6841524166701127
119,1.6444755044743662e-06,0.07655741089667682,0.18002571989367405,0.28540264578656094,6.025263346026046e-06,0.32281088879924236,0.6164270468277046,0.6989670363619932,2.556630860962929e-06,0.028363097844458632,0.1264942531044932,0.2589239183339606,5.100866001869535e-05,0.13563639319510254,0.42817399872379314,0.7702355875898484,4.063959780238311e-06,0.44807396354720097,0.5479515903571368,0.6157621381294481
120,2.2465219690802784e-06,0.18747658341890702,0.3059450890876669,0.4206119685151983,1.017645620353149e-05,0.0858415885354549,0.2430529623447208,0.4170154937167288,3.362114982540465e-06,0.11125798553872791,0.27483525001319975,0.35910968952889183,5.559743251473912e-06,0.11693650470516995,0.44699001058461485,0.6887255656034018,5.78901271563423e-06,0.2550736064277845,0.33526951873676675,0.4173291518154755
121,1.6005806454833727e-06,0.06956436488358392,0.19880340799797386,0.32136594538558605,3.3013823028735885e-06,0.38047108434015864,0.4642658893915591,0.5827755983749354,1.675248051893686e-05,0.2032641702483741,0.49235236457363796,0.6177416062870186,1.8773363473780952e-06,0.23266399854367875,0.3198975079447999,0.4242394522396318,9.041001841121057e-06,0.29059101877078736,0.7294411173577164,0.7827215743929549
122,2.1540867712453548e-06,0.119186077890916,0.38783796578087226,0.5325581527371827,6.584560321359041e-06,0.29320641640787903,0.5419721348816537,0.6491836983026344,2.3609775954573534e-06,0.023987675801104367,0.10630890045654104,0.20829372640472768,2.0943605938829614e-06,0.14311856882922602,0.3858195076143713,0.5279465839014146,1.1433865287410768e-05,0.09956386498804459,0.3073751695891615,0.39208655968879
123,1.791207487183405e-06,0.18503464940874836,0.3169618943497036,0.44528085938569983,4.6526567557833465e-06,0.27090973104311095,0.36368711303731793,0.4752947041224057,3.080442294255254e-06,0.12112837179394503,0.2468529617937122,0.3351468411576305,9.383414723897668e-06,0.22019552753302762,0.44209711741390184,0.7335578051681977,6.129006443573545e-06,0.1338378060903291,0.2301792195991893,0.3411748400305453
124,2.3638930128125214e-06,0.10367825608485252,0.3001311673530041,0.45724567281993683,3.193245167684326e-06,0.22567969192262113,0.37238852048319576,0.47088179405013314,2.0230210142169465e-05,0.24950336103121434,0.5564802730081333,0.7272298783855107,2.3449798038662853e-06,0.25677422392837956,0.3871349042119962,0.5109352170678141,3.94163083794288e-06,0.3531825281996904,0.5127929996849351,0.5678109542304729
125,2.4297971549673316e-06,0.14448720306196147,0.32032830579273924,0.43631899302271854,2.919486548102527e-06,0.3345299086825292,0.419865708577893,0.4960692359325081,7.313736500013424e-06,0.21023409527371428,0.36895970534719397,0.4282873031419561,8.52641649177708e-06,0.25182075432835344,0.6950439694243143,0.8804017203595388,1.1567830141802252e-05,0.26841242317861363,0.5942590844727274,0.652843799523621
126,2.3785112954357364e-06,0.25737860929247136,0.4930825129712307,0.5715736385863919,5.997808762052173e-06,0.4193540045420153,0.5086761994810357,0.5885840783805667,1.2298323151492607e-05,0.3151542352850633,0.6184082842514308,0.7046126861967265,3.537691392742001e-06,0.09617766713833183,0.24446504765747806,0.5151943191831009,7.0202090941157635e-06,0.38861636415000644,0.7108528863352801,0.7756558754828203
127,1.062363635831393e-06,0.06784050016609974,0.1999327616354856,0.3299800034621604,7.509385486793354e-06,0.2982599366410132,0.41551352932429025,0.5059422244321325,2.1394274068754876e-06,0.07399326594990492,0.17374819429024888,0.29420484817783504,1.5383487061048138e-06,0.07303009414795561,0.265166642004831,0.4126373330232156,4.925196689535151e-06,0.49371020509775554,0.6276291409606511,0.6818988042257309
128,1.834885722660864e-06,0.0968221545190839,0.28985710804041837,0.465059398735796,3.127584771213225e-06,0.30829788590181667,0.486097975900976,0.599680448011275,4.606928234598356e-06,0.10024382623232869,0.3369282279082924,0.4723179152053339,1.9154216496235557e-05,0.7835855208563658,0.8867362601010587,0.9308979923838767,2.6037053777525164e-06,0.36664157476790626,0.4331513294618531,0.483175547742509
129,1.3753178768641217e-06,0.058519890313254413,0.16257857930743724,0.29460493125810056,3.0696943522119796e-06,0.19474289965057828,0.4339081685268102,0.577786444320496,1.152908386831059e-05,0.3400710613583291,0.5846847728099678,0.7031397126951053,2.413307815615535e-06,0.1664665038821365,0.4264223560450883,0.6206127880234249,3.1075025297499482e-06,0.4729166317874249,0.5990613629221845,0.6533878289173445
130,1.711239902984174e-06,0.057657068533252795,0.16411911673149457,0.2817021870270949,7.446977186598081e-06,0.23578370518823022,0.5052299967016056,0.6502668129997433,2.059189064459019e-06,0.056649248835094604,0.16278320891180245,0.2594008283037619,3.5675753617059226e-06,0.23273814078782687,0.5206617976153864,0.6892622743971073,3.9460036270520855e-06,0.38263615691905156,0.4691087564349722,0.5505851351504913
131,1.7606831234927722e-06,0.1833604433507811,0.3419690293483275,0.4528122980171769,1.083841938188155e-05,0.3931665323863109,0.7720194157153076,0.8448909063964106,3.828302904487367e-06,0.05287394599169821,0.19435941410206312,0.28660584752377394,3.30122195109277e-06,0.15413144405702708,0.4581580310474058,0.6101489622635022,8.201590728390617e-06,0.18349944426810244,0.331789555436921,0.4228145421175088
132,1.377027945606725e-06,0.15759968218384893,0.2950464148608513,0.42894430395906025,2.124399075517429e-06,0.08374562596564554,0.26740113081374334,0.4405579110102722,2.0561514258886136e-06,0.09927841457753822,0.22587548188291526,0.3361002581136451,6.24188965286562e-06,0.10699016595222631,0.46361693642652113,0.7731994748364353,2.631410323952586e-06,0.4100365908288534,0.5062866481452214,0.5760913637845846
133,1.7049184140023807e-06,0.10263958184401346,0.37351563177224273,0.5100951996031459,2.577238649128667e-06,0.21506185169772557,0.32698551284788646,0.4233147026838271,3.6132911337897165e-06,0.08542418445355578,0.3132152315234,0.49497733877490646,1.6515867543559216e-06,0.05569310042141132,0.18805494332968214,0.3877450841018421,2.921541939588795e-06,0.518568863716872,0.6195001499945256,0.6750178211591886
134,1.7696152619918713e-06,0.1443732111151601,0.24958592366683552,0.3570866819512522,4.64573216260113e-06,0.41012216982153615,0.49421837236727445,0.5791863998083886,7.378770671366296e-06,0.24092134656906172,0.4796812803633737,0.5657777655820836,3.187786258891754e-06,0.21066706080628864,0.41874644696187946,0.6419140227294664,3.8021915709736037e-06,0.45937492392833457,0.6389466132376679,0.686363443853306
135,2.154926610692425e-06,0.17427257565566834,0.2702456465775592,0.41876066345487223,4.4569402989973693e-05,0.15792227685194674,0.3022173118837223,0.44503038487427893,5.683787357919673e-06,0.09245919208206024,0.2373155731223607,0.3920681961498922,2.012477958122722e-06,0.09636870580785106,0.3497888449973287,0.5339653946144488,3.1349636721574045e-06,0.46740034304925443,0.5825804971113129,0.6473323583721375
136,1.4035508968143709e-06,0.23594459535901044,0.33638251032074423,0.4507067107290457,3.122633522970476e-06,0.22863170829330925,0.4856116521560442,0.5856065502145056,4.515695625386417e-06,0.20983094761197274,0.3815155771784839,0.5014354768585377,6.127357952695345e-06,0.22252181762110956,0.41142103491566023,0.65937633331039,9.58303316641487e-06,0.5979824197490421,0.839383734825796,0.872811435120918
137,2.70551288685092e-06,0.3267850312460647,0.5508159917994582,0.6160888801955996,4.107216691862259e-06,0.2828692880677376,0.5794833780009603,0.6875695524543886,2.5863706017154446e-06,0.054191910865558364,0.15380392649521327,0.2456493669698021,2.1970897708377012e-06,0.1091351262773098,0.2645640023462354,0.3962429640167313,7.058421610912427e-06,0.33157572059450147,0.6434568214504333,0.7063472672384752
138,4.68524935956737e-06,0.1296052579750819,0.21350376448980332,0.31557551140826845,2.5567519184424135e-06,0.12457155559092604,0.3002402590092396,0.4092913568704951,2.125850241312917e-06,0.05412867559458167,0.1420822916263158,0.23297205649661773,2.112403127479056e-06,0.16860857635203128,0.37865077190012736,0.505576682379777,6.44905694461349e-06,0.4310713648784018,0.7683031667720449,0.8348786253415336
139,6.984411647604222e-06,0.21415287514820075,0.317198555387298,0.40812820177355563,4.031359360968849e-06,0.34451072829893403,0.44708252087233413,0.5643749676084797,3.7578907200664674e-06,0.202497539803101,0.4825843678777835,0.5673462431599569,1.0032696640019849e-05,0.28483995890932373,0.6361140330613352,0.8995870149254391,4.0601646419599455e-06,0.3834442394214427,0.5077920400253968,0.5969331968749737
140,1.8237259407288347e-06,0.21962752817781583,0.3458959844531663,0.46797512537091746,2.3438890020500404e-06,0.1736797609450029,0.30752408620704674,0.4351792120090574,2.804097670193219e-06,0.04654607146745296,0.17331896471883812,0.28926513548690314,2.637671979050209e-06,0.22062458203338076,0.40579231159793744,0.5498662522310336,3.959118260505813e-06,0.35337723805819116,0.5909848421884976,0.6618334233616872
141,9.907104979376988e-06,0.11175411358045773,0.33611109912355286,0.4807635536746955,2.1153725354594387e-05,0.4602756501880476,0.669011956202948,0.7775420184438988,3.0370958265764174e-06,0.24370514126169207,0.3817444900724369,0.49975877925722934,1.789173941560162e-06,0.3047474048519018,0.44937478122543584,0.5851204883462384,4.244933498097755e-05,0.10413596647996426,0.37714199865769227,0.547493476388128
142,6.1628620061510975e-06,0.615007570756766,0.7847888557481312,0.8791275099320633,2.173660613287171e-06,0.1756886424135041,0.3683858106278054,0.49138038491023117,4.914795335513887e-06,0.07398252856069319,0.2466386643385253,0.33344268222434353,3.957992055729079e-06,0.17270350460008801,0.4463031117348886,0.7067937443164315,3.5741206859030614e-06,0.3856811501332719,0.6271367299890415,0.6988497481424536
143,1.7829221933834197e-06,0.12516183205786208,0.2777794988175102,0.42319454914281895,1.6778659120306415e-06,0.06478832751527883,0.20002595128432618,0.3491773043100769,5.474370096480715e-06,0.22220840995936755,0.4849262615922263,0.5957072520142837,5.302022812708249e-06,0.33169933658426265,0.5647667710529944,0.6980081426603562,2.6880752068097845e-06,0.4998214443609406,0.5755735438931434,0.633634335495301
144,1.645703546279839e-06,0.23561915146549806,0.3392052590650639,0.442201363021274,3.473700249295575e-06,0.3777241561444264,0.480545436142557,0.6135528346568563,1.7911474131336748e-06,0.05179423452230103,0.141981626553881,0.2542508709232159,1.8670010834694884e-06,0.2683740149798265,0.4099363955022099,0.5489412228237177,3.9049741685942395e-06,0.44989500079587125,0.528022491075635,0.5912573407303163
145,1.9511820119501856e-06,0.25389449923514334,0.3507689312681629,0.4523087852116061,4.843233480182161e-06,0.03305521982823323,0.12228994125321163,0.25982006471303765,1.993772590061292e-06,0.05233142635983458,0.17374220265704382,0.273968833223014,2.8552874849290506e-06,0.44649170937059934,0.5650434856161778,0.7046283970028502,3.5564843608718936e-06,0.4846209037409777,0.6093117524164213,0.6600508105346944
146,1.7280169681712838e-06,0.2374029797267512,0.35544113477975203,0.49624698417453555,4.5747989870654685e-06,0.2036166380224298,0.5422475841994077,0.6826679088667384,2.062394547175337e-06,0.048759366339812454,0.17641778248861237,0.2981667560482433,2.894542206935849e-06,0.3682598667482574,0.6566769229096273,0.772990335971726,3.7737433539705295e-06,0.3902891481247445,0.5188197590296448,0.5982625860772554
147,0.00022880444313178302,0.31784285907653836,0.7284745137357123,0.9873022535955372,1.1814184475068404e-05,0.5995117122126148,0.7904982633509873,0.8440684140223061,8.324190918213652e-06,0.22597067734286183,0.4464385854357553,0.5264837503395369,2.8324086903031253e-06,0.08670953963172459,0.2525116613211804,0.39626422828660074,7.816913105427301e-06,0.20596441814513555,0.31318599453508666,0.389152338774304
148,1.3305475734591837e-06,0.29254532743588124,0.3837019781974769,0.47431942242666997,3.9716831144950535e-06,0.4418553720046919,0.6476557454912487,0.7383505464684084,4.247792362632931e-06,0.17144984534258087,0.4228587286250659,0.5746533490922109,4.204897390505095e-06,0.11920486437223748,0.2976123500726573,0.5615419972215892,3.016520105456829e-06,0.48895759111060644,0.5863761538283353,0.6451526168915651
149,1.864923381511325e-06,0.1601743660441961,0.42957160944378786,0.5416425155812928,2.5377747227345627e-06,0.235368274371619,0.43671234222991173,0.5191240925577019,3.4906182094977657e-06,0.36644383210243314,0.48721817724711974,0.573354463991276,6.522687943134635e-06,0.25308507249891243,0.5978637698383029,0.7551948294710138,2.4615502094941073e-06,0.5139937119356669,0.5795151457553235,0.6242234445224757
150,1.5801688496415223e-06,0.29054395967107,0.4435347896724459,0.5736371871810308,6.1606961462965026e-06,0.4274709913906649,0.5602709241463697,0.6309563568154994,2.2209861313923243e-06,0.10063305663674035,0.23199782757809864,0.3613183162455896,4.018389291519272e-06,0.26561450490023225,0.5363213393222764,0.6938875220600607,3.665712275213867e-06,0.37836151905299276,0.5813603712613759,0.6641855975874758
151,2.3893751653071934e-06,0.298534105690184,0.5329005441026382,0.6109842753948433,1.8678324572757446e-06,0.09803781178576147,0.2887998792215564,0.43624594533781325,1.0325322477429905e-05,0.1864967675442328,0.5004127446386554,0.6403121432735468,2.549081317423737e-06,0.43089134208498364,0.5301830976777291,0.7081755621876591,3.3100994341704964e-06,0.4931902628475985,0.6182703389551996,0.696956468776384
152,1.585689248460758e-06,0.28629564531803875,0.46457312742108814,0.5564849426341033,2.3606140926414504e-05,0.13463482029906945,0.35813897262333155,0.5419088027745361,1.8864951758212044e-06,0.13211360194672753,0.24710754746352476,0.3471741106858704,5.947604724636938e-06,0.14517527176425737,0.3794420298757427,0.6186077736439153,6.2560194678456695e-06,0.2158860966983605,0.4870947511978147,0.5822425750231524
153,3.611053930887548e-06,0.24524039259620278,0.41928960210788374,0.5408682906749224,1.071892956947274e-05,0.6582385837176917,0.7780998859216778,0.8236592158545945,3.407586310597577e-06,0.25000966396816976,0.4504264696461727,0.5305707272827034,2.40773331107018e-06,0.23641637416081474,0.3707799079898206,0.5413814761512414,3.251701050312547e-06,0.39395527830422467,0.48515869629174085,0.5573364357653542
154,1.0513565978080774e-05,0.3415999598437642,0.7120036199580352,0.8372506354117901,4.101734133482856e-06,0.6501647090468758,0.7234128307218385,0.7673300669986667,2.7611446972454637e-06,0.24593121304514842,0.3921632145783793,0.5187404079036513,1.5469131325115697e-06,0.054203944094277895,0.22003963051046713,0.419160610915873,9.485863438724127e-05,0.6329754257614191,0.9745648649476644,0.9850570534512056
155,1.5869716296799552e-06,0.4188332078888293,0.5046079577846571,0.6065564271060523,2.6336775059618444e-06,0.39640859160530223,0.48572107274136983,0.5511364109565948,4.143380374004436e-06,0.17970641567287637,0.4591757623737634,0.5947221035547745,1.1857577552578327e-06,0.05998152897639246,0.20970451542444493,0.37886711122085,3.469507422256483e-05,0.7994009017623681,0.951608704811074,0.9618175425424554
156,1.912255372656982e-06,0.2628081505418758,0.41711718039676715,0.54965667949787,2.7220120157607317e-06,0.3186068585221933,0.4872929402326214,0.6168011077127449,2.691831299348419e-06,0.20140203649934005,0.39766675045427613,0.4851878854649729,1.8678166693144014e-06,0.07409550828167585,0.27889865350057735,0.5269410567603612,3.22991441284577e-05,0.7424765536277639,0.8985490608613872,0.9181622852911535
157,1.6080691338912795e-06,0.1580480793211086,0.5027812530462062,0.5875044460863779,2.7593997976054365e-06,0.4763215164534922,0.5624942461916913,0.6536152937951041,2.906267567474543e-06,0.13217541410981853,0.27485358914954244,0.4464827043354706,2.5165259331149584e-06,0.19783148808345957,0.3999870798736895,0.5404209026166418,2.6923278034481512e-05,0.7166890695848048,0.9346081022204844,0.9494633174539531
158,1.3501408836459405e-06,0.24824420215026766,0.35497348484744196,0.47508939939348915,2.2617677361210113e-06,0.09553110463576843,0.26721170583670506,0.4449240329885718,1.6533481149919912e-06,0.049961960895438196,0.17396759177342977,0.33242024998525155,2.7698189101404147e-06,0.13705751963865295,0.3708269968008958,0.583826270064434,1.930704504127588e-05,0.7112213032683307,0.9020343840146535,0.9272745917305425
159,1.3835424198427124e-06,0.09036190149708752,0.20258338219675343,0.33805342440146463,2.8519774851626917e-06,0.19822833218175714,0.40152312969915965,0.5065915957071112,1.9808228490433443e-06,0.06505551478473091,0.1686679214668565,0.28881757636502203,4.440479653108271e-06,0.11215743871574461,0.34209703872055586,0.5216068884585605,1.5442516892801543e-05,0.690582596119279,0.9135894682730705,0.930174627449315
160,2.1244703948130205e-06,0.20406129632785996,0.4318522652645822,0.561290032370112,7.869111506516288e-06,0.09076186884365584,0.2829412262770811,0.4585630029399631,2.3924331761920328e-06,0.04991825407776732,0.1966420477162343,0.3258130457798282,2.2201761172874796e-06,0.059703572731267265,0.21699942907560527,0.44444626398715914,1.6723205868900105e-05,0.7197636220115848,0.9214668144354459,0.939267129957946
161,9.207309122202853e-07,0.12607925663335798,0.25090856778230664,0.3900323297184925,2.640800547781147e-06,0.06635227746935705,0.2615801392859264,0.407026022052102,2.8856441353226578e-06,0.0518633091607849,0.20532027437189726,0.38055764245558965,1.1045084298370892e-06,0.09880463707980829,0.22840631270119824,0.39351664838609135,2.0480597942325343e-05,0.7292446430560178,0.9145279505891113,0.9366966574623197
162,1.1490179088490365e-06,0.1747831999517132,0.2985108484271648,0.43735902129705084,1.725345074020056e-06,0.25111593231858326,0.38456998968257167,0.4962017985690704,3.357666315394815e-06,0.10894170947070356,0.2532623291481294,0.39187687499407803,2.3514153785394682e-06,0.5442665221194828,0.6677298703970296,0.7614934727562672,2.7079579030304247e-05,0.4335712672732402,0.7611090847711351,0.8906032966645595
163,1.803345463473248e-06,0.31210117590390185,0.4483944578079913,0.5516313829149481,3.3930009487198806e-06,0.06814341140006146,0.23118571394660276,0.3392851417870101,2.8105946455164523e-06,0.11601141650524611,0.2607899168902023,0.36889377241465576,5.62484330511416e-06,0.3902289824109485,0.7470911739656203,0.848876624107493,1.6743868205895285e-05,0.607131305269535,0.8026286126589682,0.840226932936224
164,1.4035354955545303e-06,0.16182977051221029,0.39508747817693657,0.5355846361926538,3.5351715682912657e-06,0.25348514802356775,0.6057427165122344,0.693170926556241,2.2472221580084093e-06,0.16139607165498293,0.32662771264636,0.4746363885967846,2.229219028186029e-06,0.35663560479597456,0.5284090336087075,0.6613883081127413,8.715836165339162e-06,0.6641413177524111,0.8558452411362052,0.881812241163852
165,1.003194241414919e-05,0.5680386636857251,0.7471399373690895,0.8194550906906722,4.909434334680447e-06,0.12233218735282238,0.26732572505574564,0.38108322894333746,6.551674610744128e-06,0.19608916025650874,0.4797114372589388,0.5658690802899995,2.441276546346572e-06,0.18507383569066593,0.5078390365617179,0.65555950083402,1.1676948904016809e-05,0.6615342239185783,0.8144330517237639,0.8380150508821006
166,1.6272133299934034e-06,0.20075388080846693,0.35388539407055886,0.5153157161605197,3.9801241349071375e-06,0.2670190607077735,0.39809909177073316,0.4985968998557937,3.1558518308262727e-06,0.04070201368696862,0.1621203109561399,0.30346296685193597,6.036512488186756e-06,0.43030725326329416,0.7736190749366443,0.86190303512437,1.3723900356050639e-05,0.4981749351854529,0.7624637885013258,0.8058814868342344
167,8.478966717887471e-07,0.1498995501664649,0.25212823117046307,0.3766278611034065,2.631257954364685e-06,0.15781135120914222,0.38718733311636083,0.5171318584631107,2.0857644902993293e-06,0.08217429591924637,0.2696487218526623,0.42478356939044654,2.2932739948894206e-06,0.13562664352193277,0.4160116646162278,0.6045316245112122,2.05577344889189e-05,0.5341329677114398,0.9337613225862216,0.9468264319890174
168,2.994303167662355e-06,0.30913961144873087,0.3749309106223984,0.45507785271926104,3.4484514024938975e-06,0.07230735036954143,0.15836877107731515,0.23471525093242943,6.7684275444978405e-06,0.2760399976901714,0.6896465027763139,0.7682441232794655,1.0755726123284635e-05,0.1562152085972888,0.48668356541943736,0.8237137296912432,1.4839419261647225e-05,0.6204835225941345,0.8397410736825551,0.8915915589251888
169,1.3163934097570737e-06,0.15470697670569583,0.4056236936162969,0.5439903181769256,1.557140774058006e-06,0.055418099191887886,0.18456586079605714,0.3103393371441653,4.844927676919892e-06,0.2633284148942872,0.5102791560736536,0.6068651004382594,2.343214201516859e-06,0.2813126041343632,0.4265925087960586,0.5487821313899398,8.704250894404678e-06,0.6105018490892337,0.8067303362202014,0.8442371896376675
170,5.909033311243382e-06,0.08451307499739621,0.21829219208758097,0.3832430995433445,6.409046255850074e-06,0.7383811870665992,0.7820607768141333,0.8287090721688422,2.0901876459010574e-06,0.1470348498696,0.3098988126002419,0.43737936251180903,1.1195617721611373e-06,0.1199115026487942,0.35872514857937143,0.5306666152000706,5.704329672076061e-06,0.44257150881865065,0.6734192588049915,0.7457638733259816
171,1.81060169980189e-06,0.43587290975167964,0.5472396498049406,0.6319619302601309,2.212164463646557e-06,0.1401742373509868,0.34019445894449063,0.44663788331954146,0.0002320262149486182,0.029539338085006937,0.08741761954357921,0.17311555395088996,1.1240014440381033e-06,0.07468336220935144,0.21038216952070518,0.4196312793741156,5.760918063641958e-06,0.5126058733763511,0.7223147450284656,0.7634182143807369
172,1.3319173029126848e-06,0.2711184866167137,0.41624032057563426,0.5092522834725993,5.5808251848148125e-06,0.2552367677246854,0.593110806253767,0.7262620978919115,2.2268649690021014e-05,0.26336797853534805,0.5146522553396892,0.7008536751461586,9.817269728108315e-07,0.08525354648859554,0.2383995030468436,0.40658615294423384,7.99289526910883e-06,0.605093077594384,0.802189611984693,0.8323030863023325
173,1.0664237400028136e-06,0.22531002953093177,0.40512333833167696,0.5214254172373706,2.2119467023821298e-06,0.35642570527783435,0.5258712890849655,0.6253632386308267,1.5972266527319354e-06,0.05945274648559942,0.15964485888611657,0.2800058304142047,2.2645081553669433e-06,0.11875727905112683,0.30936929126799717,0.4577217335401431,7.479827264703167e-06,0.6079334465312339,0.8467400597863468,0.8757347685605655
174,3.8163906344846055e-06,0.38749599772640275,0.5054114098189207,0.5819341499518722,8.896265606107133e-06,0.49474857732005034,0.777554999197267,0.8688036084602251,5.057663553950694e-06,0.09025480428303756,0.34435279842825,0.5621641916926252,1.1763945306768078e-05,0.19553309886478257,0.4657925392992617,0.7472269050810572,5.006312566933502e-06,0.5420055547211592,0.7946674572026148,0.8296550587142842
175,3.4861128297264885e-06,0.4356683200491893,0.6043277870078637,0.7032402392974973,5.4634216279545e-06,0.6292565232897317,0.7998747427603637,0.8468088353347079,6.2096471347781996e-06,0.29600043657395125,0.5968060043408514,0.6775641177222376,1.08742799940433e-05,0.4556287225361847,0.8784105116042219,0.9288591334925268,1.868302547354556e-05,0.21678378584655997,0.6409591886581416,0.7469998824763291
176,3.364195793217242e-06,0.4293696373901026,0.5085682579276318,0.5742927170091014,1.3499842423959422e-06,0.10770283639783018,0.26285898762390014,0.39224267715295774,4.1600969991264265e-06,0.08832724848941025,0.24402982538320844,0.3183121141777742,9.806582214311912e-06,0.1340876842873855,0.33729018826348584,0.5140634563103837,8.120006477286496e-06,0.3265692006634611,0.4941187469071506,0.568561952410593
177,1.7268784163808247e-06,0.21303915415305202,0.37426630343942163,0.5114050801015048,1.473591611705866e-06,0.07887201224185574,0.23305964784619848,0.41034003613007886,2.5000097095698623e-06,0.053027619443695134,0.15305225287936403,0.27118419535590665,4.485917478318815e-06,0.12428602096318134,0.40568694889591855,0.6037929370255928,4.902749972652255e-06,0.551833075346937,0.7721933579268291,0.8142470220976823
178,5.42591434424949e-06,0.4327332027586568,0.555731846977415,0.6363862102713256,2.5082825007698926e-06,0.06930047025126383,0.25845685384992556,0.40538187102871626,4.623124757997166e-06,0.24616972131146586,0.46657460926102434,0.5585555113826386,1.275156224132699e-06,0.20888225666141014,0.35625761482145735,0.5038727084541664,8.853793799613665e-06,0.47200711502753806,0.6225493504672668,0.6848882761641163
179,1.4864561308599008e-06,0.3239099512022675,0.44131817491605724,0.5672995121272173,1.9027849329398474e-06,0.09269545782452644,0.3147176018445157,0.42886765096811263,1.9395891921796966e-06,0.09539525512703327,0.20092913453383512,0.32554937731302724,0.00014978914162420913,0.4157092693949545,0.7683629327708558,0.97107414541738,5.407024271546444e-06,0.5015264758998236,0.5804985734979335,0.6410987624538308
180,2.003901234431812e-06,0.3292874807668521,0.5447678819410222,0.6757358398046984,1.2822378602969842e-05,0.3972509644425987,0.7219561396421171,0.8187186417855007,2.2698179899825965e-06,0.18517246873276944,0.32690918520503875,0.41677312579811804,1.8593458491358587e-05,0.6624282879712943,0.9230793368867901,0.9481249752305081,2.172678231612277e-06,0.3242209809292784,0.5721968418683515,0.6161697724241806
181,2.332689903106015e-06,0.21375556571662946,0.37683042807222566,0.49481517458522095,1.6418833549666015e-06,0.18266073462360766,0.3860452373810048,0.502346819572537,2.7006036009277242e-06,0.16440150715235108,0.3281009347019223,0.45739122139358085,7.335022583712376e-06,0.09035709718146298,0.27109579494101915,0.5415800511125923,8.490915587761164e-06,0.4420428294859719,0.7641144053279758,0.8013478770095819
182,3.00704131370116e-06,0.5553496738579268,0.7618396925283855,0.8109972317312952,1.4609690125654408e-06,0.1067688952725289,0.3046429270833537,0.43042639286682494,1.9536933770415576e-06,0.09752463203014153,0.2964383106154981,0.41606258869286744,2.904862928423826e-06,0.5390907457232499,0.6845345056967527,0.7646568601524668,3.579319241878371e-06,0.41242301700869527,0.6644233131071776,0.728585554518661
183,1.476592678585295e-06,0.2972983784930932,0.4366200483820284,0.5612437897786791,1.3754931265238651e-05,0.7622521150271078,0.9080434557533972,0.9362948074170915,3.2761360009668902e-06,0.21876149813697027,0.4192165259293582,0.5015458210988453,2.3595382062389716e-06,0.2923765716644477,0.44908518246960943,0.5646960549152212,6.102757109052094e-06,0.3672867554078614,0.7573802171613104,0.8192572665860369
184,1.2552846803031372e-06,0.07963916775420031,0.2778932177370982,0.43588405569365685,6.661699897021302e-06,0.6775822133885052,0.7751201570146001,0.8206494265461901,2.223680945012782e-06,0.061802537521012293,0.22238866189668402,0.36462998920399353,3.9912043417498275e-05,0.25197845162663257,0.613928371948293,0.8142581819380755,3.463161207082458e-06,0.3857174870581984,0.6877051052180501,0.744335789438689
185,2.186889482122522e-06,0.37049368300835206,0.5916371324031271,0.7092692581009304,2.445636633339965e-06,0.17660994195228105,0.3091501685262199,0.42101031651890686,2.8444167151466705e-06,0.054610493132439535,0.19462013241525475,0.32567983728418604,3.9237808572285735e-06,0.11682068024003826,0.3737230994885868,0.5168378773145337,3.912346020881345e-06,0.35981693751248367,0.5555345929322267,0.5988844716518226
186,1.803884115954292e-06,0.17944808464836304,0.33326657134131066,0.49161125346848455,2.096971906408739e-06,0.4501003288893443,0.6122610056488068,0.6866649686591855,1.0273446623419893e-05,0.5502386604910421,0.7635010281486505,0.815358974835888,1.3558730463365637e-06,0.2062643259994492,0.3502695056284329,0.46209984406979104,6.512057496614322e-06,0.370820637139675,0.8477004119250632,0.8844034238119177
187,1.8157509227291642e-06,0.34173377987864156,0.4333256711332557,0.5494262301494912,1.3425720644594006e-06,0.10081850818477613,0.2182178644778382,0.3423762103993233,6.150905421866844e-06,0.35373070891732644,0.6427424664262464,0.711306094546365,2.078377042635811e-06,0.4558039821171584,0.6083284104057974,0.7000248843713185,5.377856006104835e-06,0.583752154983993,0.7029732460577334,0.7614289184022389
188,1.6922563774319727e-06,0.18736527783719636,0.3882762569326774,0.522795995393882,7.107480004722129e-06,0.6436863679553502,0.8059021370707837,0.855394554935107,4.647332973789114e-06,0.2998840943964807,0.5534244150445399,0.6380456481734683,4.359954371355329e-06,0.6691434902621386,0.7964788463792937,0.8559627935003291,2.9341913175947907e-06,0.10234098717394723,0.2700126401905527,0.4253920394964882
189,1.9703638061859856e-06,0.5566781313501288,0.6270609326341565,0.6994706811379783,1.9021738615925575e-06,0.13585563006587043,0.3097158406450667,0.42953615278068985,2.4116060470477285e-06,0.2365670072085769,0.4414032988679206,0.5290408946734078,1.480252946454272e-06,0.3132144783649092,0.4941148342852641,0.6264429507565826,3.600834733273275e-06,0.3308912905031451,0.5708579870902294,0.6623077959712763
190,3.0832135345895783e-06,0.6188020434255049,0.7024597698504109,0.7695701981354091,2.3399634576542787e-06,0.4263433687638879,0.5501341371038975,0.6551269097690943,2.8570878494569887e-06,0.20746288449238198,0.39159077833045225,0.4788183848264549,2.3610433351346745e-06,0.13366842968669274,0.31860224358881356,0.47327405988871785,2.042726814279769e-05,0.2068830358160069,0.600794693514244,0.9030487104769748
191,1.5160976874101058e-06,0.4879024982347079,0.5629426105994593,0.6465275995133076,3.88739397039166e-06,0.35188741193709466,0.6997310791469503,0.7972938606640724,2.6763236264196325e-06,0.23386230329612687,0.34307870539749397,0.4517145611860841,8.328373686890662e-07,0.12115890668020991,0.22976831964153957,0.36896489289756257,9.069842237019335e-06,0.5053732926174476,0.7680888297120203,0.8258079055892097
192,1.526746861137844e-06,0.5835114008785234,0.661092746509514,0.7084745290014334,1.5897069507556843e-06,0.08218631039273212,0.2456044075442611,0.38228874585976474,2.6368000715661943e-06,0.1315702603665005,0.3110945950082768,0.41970708813711316,2.4154735259594296e-06,0.300454512435071,0.46367291679507106,0.6347838706983817,2.8798736537822842e-06,0.24995281134128097,0.5004423563311761,0.5664331774428504
193,4.121880260013901e-06,0.3886296713174977,0.7518590905126802,0.8230457747788641,2.1194584969364555e-06,0.10944093418123585,0.30439845976649504,0.44690645547935387,6.085230522115419e-06,0.2855168588943358,0.6415623191014612,0.7121099531037255,1.4627746735262573e-06,0.1455829628620074,0.4534587465731466,0.5917288911652293,2.165948466488723e-06,0.4153578894763749,0.4977690439440965,0.5618181925987542
194,2.401281606001066e-06,0.44829968456266184,0.589547997812276,0.6719008119302878,1.7523667239099254e-06,0.10852500136804925,0.20675371503638407,0.32928390213789704,1.988833628908499e-06,0.04751311435617576,0.15549570433377582,0.28913567611204716,1.1148013936033987e-06,0.11538212901817203,0.30216984955466847,0.45826451919441996,3.709320469615647e-06,0.305736352384537,0.39040242480561294,0.4614417916371393
195,2.7540159392825445e-06,0.6066269975758819,0.7162534372786842,0.7900769060776665,8.011522436061062e-06,0.6365093548709059,0.7647036999081255,0.815706078682163,5.3176800115922195e-06,0.4871480937244018,0.7116622151883466,0.7720431996823358,6.4783738545001635e-06,0.10517073664609107,0.3785727037945876,0.6391015041379501,3.2331767662309004e-06,0.4164878774629893,0.48774977242673256,0.5317402061767621
196,2.6818031046303705e-06,0.42413339544493467,0.5338412755402239,0.6539284002973115,2.515694343126118e-06,0.3539119347320942,0.5102749549772551,0.6130751815985921,1.4268412832608736e-06,0.04885407917976615,0.12643124892712113,0.23876553099304196,1.6817547320433925e-06,0.12957851644531013,0.3341557037742359,0.49166811041227015,1.932554230668307e-06,0.3099511141000536,0.4620650651360451,0.5139350595177685
197,9.782812116750295e-06,0.5238208057466184,0.8483460100861426,0.9010869599973134,3.3272552976234555e-06,0.5758753661334396,0.6844579550194948,0.7639640348487846,4.991968316516439e-06,0.2734654005664766,0.45347905863196986,0.5138356719883364,1.5052750061765532e-06,0.13816022853623977,0.3324699860709534,0.5282105459363609,6.103155880843231e-06,0.5417510202674173,0.7673633435922116,0.7994353038728104
198,7.466105627755385e-06,0.27028957471682835,0.35750036741063745,0.4418782329111866,6.421946105089876e-06,0.10797739277923664,0.3982282727645702,0.5594618861630626,2.276595043023691e-06,0.1755704970706931,0.34696120575428707,0.450944710986659,4.349161420440439e-05,0.0626983636813659,0.26136136475738936,0.6561527675120551,4.583809190782085e-06,0.36598334921734915,0.5287124190303976,0.6364850221594338
199,3.551161099158886e-06,0.2402244204542373,0.41722383402723473,0.5494590767166225,1.2827451113229403e-06,0.10851958908064849,0.275214328987779,0.4107835230298493,2.5193531550037007e-06,0.1039168058963059,0.2564700964408833,0.33967040664229703,3.6669420048431704e-06,0.6915887312287224,0.7647064961939002,0.8246079374070431,3.391669934162453e-06,0.27049272781870987,0.4055950807674623,0.4901218451647948
